Date,format_Date,Plot,Tree Tag,VWC1,VWC2,VWC3,Soil temp,comp_start_time,comp_end_time,Flux Start Time,Flux End Time,Real start,Real_start_format,UniqueID,check,check_notes,Updated Start Time,Updated End Time,Machine,Notes,Geotag,
09/21/23,9/21/2023,D2,208,0.308,0.153,0.318,18.5,12:32:30,12:35:30,12:32:30,12:35:30,11:53:00,11:53,45190_208,good,,12:32:30,12:35:30,LGR1,,,
09/21/23,9/21/2023,D2,583,0.245,0.243,0.211,18,12:39:00,12:41:10,12:38:30,12:41:30,11:59:00,11:59,45190_583,bad,"move forward 30 seconds, reduce measurement time by 20 seconds",12:39:00,12:41:10,LGR1,,,
09/21/23,9/21/2023,C2,386,0.398,0.236,0.234,19.5,12:44:00,12:47:00,12:44:00,12:47:00,12:05:00,12:05,45190_386,good,,12:44:00,12:47:00,LGR1,,,
09/21/23,9/21/2023,C2,380,0.352,0.191,0.243,19.3,12:48:45,12:51:45,12:48:45,12:51:45,12:09:00,12:09,45190_380,good,,12:48:45,12:51:45,LGR1,,,
09/21/23,9/21/2023,C1,351,0.255,0.223,0.338,20.1,12:56:45,12:59:45,12:56:45,12:59:45,12:17:00,12:17,45190_351,good,,12:56:45,12:59:45,LGR1,,,
09/21/23,9/21/2023,C1,366,0.459,0.462,0.375,20.2,13:01:20,13:04:20,13:01:20,13:04:20,12:22:00,12:22,45190_366,good,,13:01:20,13:04:20,LGR1,,,
09/21/23,9/21/2023,C1,362,0.297,0.273,0.174,19.7,13:06:30,13:10:30,13:06:30,13:10:30,12:27:00,12:27,45190_362,good,,13:06:30,13:10:30,LGR1,,,
09/21/23,9/21/2023,C1,356,0.449,0.367,0.438,20.6,13:11:30,13:15:30,13:11:30,13:15:30,12:33:00,12:33,45190_356,good,,13:11:30,13:15:30,LGR1,,,
09/21/23,9/21/2023,C1,217,0.401,0.354,0.337,21.1,13:17:30,13:21:30,13:17:30,13:21:30,12:39:00,12:39,45190_217,good,,13:17:30,13:21:30,LGR1,,,
09/21/23,9/21/2023,E1,677,0.349,0.42,0.45,21.8,13:29:30,13:32:40,13:29:30,13:32:40,12:50:00,12:50,45190_677,good,,13:29:30,13:32:40,LGR1,,,
09/21/23,9/21/2023,E1,678,0.576,0.595,0.697,21.6,13:34:50,13:38:50,13:34:50,13:38:50,12:55:00,12:55,45190_678,good,,13:34:50,13:38:50,LGR1,,,
09/21/23,9/21/2023,F1,933,0.369,0.229,0.563,20.5,13:45:20,13:49:20,13:45:20,13:49:20,13:08:00,13:08:00,45190_933,good,,13:45:20,13:49:20,LGR1,,,
09/21/23,9/21/2023,F1,236,0.447,0.263,0.518,20.5,13:51:20,13:54:20,13:51:20,13:54:20,13:12:00,13:12,45190_236,good,,13:51:20,13:54:20,LGR1,,,
09/21/23,9/21/2023,G1,165,0.23,0.489,0.226,20.7,13:55:05,13:58:00,13:55:00,13:58:00,13:16:00,13:16,45190_165,good,remove first 5,13:55:05,13:58:00,LGR1,,,
09/21/23,9/21/2023,G1,175,0.267,0.503,0.412,21,13:59:00,14:02:00,13:59:00,14:02:00,13:20:00,13:20,45190_175,good,,13:59:00,14:02:00,LGR1,,,
09/21/23,9/21/2023,G1,176,0.379,0.408,0.372,21.2,14:05:40,14:08:40,14:05:40,14:08:40,13:24:00,13:24,45190_176,good,,14:05:40,14:08:40,LGR1,,,
09/21/23,9/21/2023,G1,153,0.441,0.471,0.365,21.1,14:09:30,14:12:30,14:09:30,14:12:30,13:30:00,13:30,45190_153,good,,14:09:30,14:12:30,LGR1,,,
09/21/23,9/21/2023,D1,529,0.313,0.355,0.411,21.4,14:15:45,14:18:45,14:15:45,14:18:45,13:36:00,13:36,45190_529,good,,14:15:45,14:18:45,LGR1,,,
10/13/23,10/13/2023,BGS,2,0.248,0.277,0.2,15.3,10:51:30,10:56:30,10:51:30,10:56:30,10:10:00,10:10:00,45212_2,good,,10:51:30,10:56:30,LGR1,23:55:00,,
10/13/23,10/13/2023,BGS,1,0.552,0.332,0.466,15.4,10:59:30,11:02:30,10:59:30,11:02:30,10:18:00,10:18:00,45212_1,good,,10:59:30,11:02:30,LGR1,0:41:30,,
10/13/23,10/13/2023,BGS,3,0.52,0.542,0.21,15.5,11:04:15,11:07:00,11:04:15,11:07:00,10:22:45,10:22:45,45212_3,good,,11:04:15,11:07:00,LGR1,,,
10/13/23,10/13/2023,BGS,5,0.703,0.779,0.5,13.2,11:09:30,11:12:30,11:09:30,11:12:30,10:28:00,10:28:00,45212_5,good,,11:09:30,11:12:30,LGR1,,,
10/13/23,10/13/2023,BGS,6,0.22,0.808,0.395,13,11:14:45,11:18:00,11:14:45,11:18:00,10:33:15,10:33:15,45212_6,good,,11:14:45,11:18:00,LGR1,,,
10/13/23,10/13/2023,BGS,7,0.538,0.208,0.229,13.5,11:21:00,11:24:00,11:21:00,11:24:00,10:39:30,10:39:30,45212_7,good,,11:21:00,11:24:00,LGR1,,,
10/13/23,10/13/2023,BGS,8,0.295,0.211,0.274,13,11:25:45,11:29:00,11:25:45,11:29:00,10:44:15,10:44:15,45212_8,check,ask jon,11:25:45,11:29:00,LGR1,,,
10/13/23,10/13/2023,BGS,9,0.429,0.136,0.307,12.8,11:29:45,11:32:45,11:29:45,11:32:45,10:48:15,10:48:15,45212_9,good,,11:29:45,11:32:45,LGR1,,,
10/13/23,10/13/2023,BGS,10,0.444,0.795,0.242,12.8,11:35:30,11:38:30,11:35:30,11:38:30,10:54:00,10:54:00,45212_10,good,,11:35:30,11:38:30,LGR1,,,
10/13/23,10/13/2023,BGS,11,0.235,0.817,0.457,11.9,11:41:00,11:44:00,11:40:30,11:43:30,10:59:00,10:59:00,45212_11,good,move forward 30,11:41:00,11:44:00,LGR1,,,
10/13/23,10/13/2023,BGS,12,0.301,0.334,0.218,11.6,11:45:30,11:48:30,11:45:30,11:48:30,11:04:00,11:04:00,45212_12,good,,11:45:30,11:48:30,LGR1,,,
10/13/23,10/13/2023,BGS,13,0.437,0.63,0.832,12.1,11:50:30,11:53:15,11:50:30,11:53:15,11:09:00,11:09:00,45212_13,good,,11:50:30,11:53:15,LGR1,,,
10/13/23,10/13/2023,BGS,14,0.266,0.313,0.273,11.9,11:55:00,11:58:30,11:55:00,11:58:30,11:13:30,11:13:30,45212_14,good,,11:55:00,11:58:30,LGR1,,,
10/13/23,10/13/2023,BGS,15,0.538,0.776,0.18,12.2,11:59:15,12:02:15,11:59:15,12:02:15,11:17:45,11:17:45,45212_15,good,,11:59:15,12:02:15,LGR1,,,
10/13/23,10/13/2023,BGS,16,0.411,0.683,0.688,13.1,12:05:00,12:08:30,12:05:00,12:08:30,11:23:30,11:23:30,45212_16,good,,12:05:00,12:08:30,LGR1,,,
10/13/23,10/13/2023,BGS,18,0.759,0.688,0.755,13.1,12:11:00,12:14:00,12:11:00,12:14:00,11:29:30,11:29:30,45212_18,bad,,12:11:00,12:14:00,LGR1,23:57:00,,
10/13/23,10/13/2023,BGS,20,0.354,0.339,0.313,15.1,12:18:00,12:21:00,12:18:00,12:21:00,11:36:30,11:36:30,45212_20,good,,12:18:00,12:21:00,LGR1,,,
10/13/23,10/13/2023,BGS,19,0.77,0.752,0.924,14.4,12:23:00,12:27:30,12:23:00,12:27:30,11:41:30,11:41:30,45212_19,good,,12:23:00,12:27:30,LGR1,,,
10/13/23,10/13/2023,BGS,21,0.372,0.366,0.768,15.8,12:31:30,12:35:30,12:31:30,12:35:30,11:50:00,11:50:00,45212_21,good,,12:31:30,12:35:30,LGR1,,,
10/13/23,10/13/2023,BGS,23,0.752,0.506,0.476,16.3,12:37:15,12:41:00,12:37:15,12:41:00,11:55:45,11:55:45,45212_23,good,,12:37:15,12:41:00,LGR1,,,
10/13/23,10/13/2023,BGS,27,0.22,0.219,0.358,16,12:43:00,12:46:00,12:43:00,12:46:00,12:01:30,12:01:30,45212_27,good,,12:43:00,12:46:00,LGR1,,,
10/13/23,10/13/2023,BGS,26,0.3,0.379,0.217,15.8,12:46:30,12:48:30,12:46:30,12:48:30,12:05:00,12:05:00,45212_26,good,,12:46:30,12:48:30,LGR1,,,
10/13/23,10/13/2023,BGS,24,0.227,0.326,0.191,14.8,12:51:00,12:55:30,12:51:00,12:55:30,12:09:30,12:09:30,45212_24,good,,12:51:00,12:55:30,LGR1,,,
10/13/23,10/13/2023,BGS,25,0.493,0.161,0.76,15.6,12:58:15,13:03:15,12:58:15,13:03:15,12:16:45,12:16:45,45212_25,good,,12:58:15,13:03:15,LGR1,,,
10/13/23,10/13/2023,BGS,28,0.438,0.458,0.26,17.2,13:06:00,13:08:30,13:06:00,13:08:30,12:24:30,12:24:30,45212_28,good,,13:06:00,13:08:30,LGR1,,,
10/13/23,10/13/2023,BGS,31,0.291,0.275,0.294,16.6,13:14:15,13:17:15,13:14:15,13:17:15,12:32:45,12:32:45,45212_31,good,,13:14:15,13:17:15,LGR1,,,
10/13/23,10/13/2023,BGS,30,0.227,0.329,0.946,17.4,13:19:00,13:22:15,13:19:00,13:22:15,12:37:30,12:37:30,45212_30,good,,13:19:00,13:22:15,LGR1,,,
10/13/23,10/13/2023,BGS,29,0.87,0.942,0.494,16.8,13:23:30,13:26:00,13:23:30,13:26:00,12:42:00,12:42:00,45212_29,good,,13:23:30,13:26:00,LGR1,,,
10/13/23,10/13/2023,BGS,32,0.509,0.672,0.56,16,13:28:30,13:32:00,13:28:30,13:32:00,12:47:00,12:47:00,45212_32,good,,13:28:30,13:32:00,LGR1,,,
10/13/23,10/13/2023,E5,889,0.331,0.267,0.248,17.8,14:10:00,14:14:00,14:10:00,14:14:00,13:28:30,13:28:30,45212_889,good,,14:10:00,14:14:00,LGR1,,,
10/13/23,10/13/2023,E5,880,0.504,0.255,0.207,18.1,14:15:00,14:17:00,14:15:00,14:17:00,13:33:30,13:33:30,45212_880,good,,14:15:00,14:17:00,LGR1,,,
10/13/23,10/13/2023,E5,893,0.309,0.449,0.352,18.2,14:18:15,14:19:45,14:18:15,14:19:45,13:36:45,13:36:45,45212_893,bad,,14:18:15,14:19:45,LGR1,,,
10/13/23,10/13/2023,E5,876,0.325,0.244,0.222,17.9,14:21:15,14:24:30,14:21:15,14:24:30,13:39:45,13:39:45,45212_876,bad,,14:21:15,14:24:30,LGR1,,,
10/13/23,10/13/2023,E5,905,0.421,0.401,0.298,16.6,14:26:00,14:28:30,14:26:00,14:28:30,13:44:30,13:44:30,45212_905,bad,,14:26:00,14:28:30,LGR1,,,
10/13/23,10/13/2023,E5,903,0.399,0.356,0.22,16.9,14:29:30,14:32:00,14:29:30,14:32:00,13:48:00,13:48:00,45212_903,good,,14:29:30,14:32:00,LGR1,,,
10/13/23,10/13/2023,E5,892,0.518,0.357,0.267,15.9,14:33:30,14:35:30,14:33:30,14:35:30,13:52:00,13:52:00,45212_892,good,,14:33:30,14:35:30,LGR1,,,
10/13/23,10/13/2023,E5,895,0.272,0.246,0.335,15.9,14:36:30,14:39:00,14:36:30,14:39:00,13:55:00,13:55:00,45212_895,good,,14:36:30,14:39:00,LGR1,,,
10/13/23,10/13/2023,C2,380,0.352,0.265,0.195,15.7,15:04:00,15:06:00,15:04:00,15:06:00,14:22:30,14:22:30,45212_380,good,,15:04:00,15:06:00,LGR1,,,
10/13/23,10/13/2023,C2,386,0.277,0.258,0.262,16.5,15:06:45,15:08:00,15:06:45,15:08:00,14:25:15,14:25:15,45212_386,good,,15:06:45,15:08:00,LGR1,,,
10/13/23,10/13/2023,D2,583,0.293,0.258,0.27,17.6,15:08:30,15:10:30,15:08:30,15:10:30,14:27:00,14:27:00,45212_583,good,,15:08:30,15:10:30,LGR1,,,
10/13/23,10/13/2023,D2,288,0.37,0.229,0.46,18.5,15:11:45,15:13:30,15:11:45,15:13:30,14:30:15,14:30:15,45212_288,good,,15:11:45,15:13:30,LGR1,,,
10/13/23,10/13/2023,D1,529,0.47,0.454,0.436,16.1,15:23:00,15:24:50,15:23:30,15:26:00,14:42:00,14:42:00,45212_529,good,try moving back 60 seconds,15:23:00,15:24:50,LGR1,,,
10/13/23,10/13/2023,D1,544,0.272,0.351,0.141,18.4,15:28:00,15:30:00,15:28:00,15:30:00,14:46:30,14:46:30,45212_544,good,,15:28:00,15:30:00,LGR1,,,
10/13/23,10/13/2023,C1,217,0.265,0.318,0.233,16.9,15:40:15,15:42:30,15:40:15,15:42:30,14:58:45,14:58:45,45212_217,good,,15:40:15,15:42:30,LGR1,,,
10/13/23,10/13/2023,C1,356,0.373,0.148,0.242,16.5,15:43:45,15:46:00,15:43:45,15:46:00,15:02:15,15:02:15,45212_356,good,,15:43:45,15:46:00,LGR1,,,
10/13/23,10/13/2023,C1,366,0.28,0.502,0.305,17.1,15:47:05,15:50:45,15:47:00,15:50:45,15:05:30,15:05:30,45212_366,good,removed first 5 seconds,15:47:05,15:50:45,LGR1,,,
10/13/23,10/13/2023,C1,362,0.454,0.498,0.392,17.1,15:52:00,15:53:30,15:52:00,15:53:30,15:10:30,15:10:30,45212_362,good,,15:52:00,15:53:30,LGR1,,,
10/13/23,10/13/2023,C1,351,0.389,0.208,0.24,16.9,15:54:30,15:56:00,15:54:30,15:56:00,15:13:00,15:13:00,45212_351,good,,15:54:30,15:56:00,LGR1,,,
10/13/23,10/13/2023,H1,318,0.25,0.313,0.237,16.2,16:09:15,16:11:00,16:09:15,16:11:00,15:27:45,15:27:45,45212_318,good,,16:09:15,16:11:00,LGR1,,,
10/13/23,10/13/2023,H1,309,0.292,0.384,0.43,16.4,16:11:45,16:13:30,16:11:45,16:13:30,15:30:15,15:30:15,45212_309,good,,16:11:45,16:13:30,LGR1,,,
10/13/23,10/13/2023,H1,302,0.228,0.227,0.22,17.1,16:14:30,16:16:00,16:14:30,16:16:00,15:33:00,15:33:00,45212_302,good,,16:14:30,16:16:00,LGR1,,,
10/13/23,10/13/2023,F1,933,0.287,0.609,0.543,15,16:22:30,16:26:00,16:22:30,16:26:00,15:41:00,15:41:00,45212_933,good,,16:22:30,16:26:00,LGR1,,,
10/13/23,10/13/2023,F1,236,0.392,0.258,0.412,14.9,16:27:30,16:30:00,16:27:30,16:30:00,15:46:00,15:46:00,45212_236,good,,16:27:30,16:30:00,LGR1,,,
10/13/23,10/13/2023,G1,165,0.449,0.401,0.223,14.8,16:32:30,16:35:00,16:32:30,16:35:00,15:51:00,15:51:00,45212_165,good,,16:32:30,16:35:00,LGR1,,,
10/13/23,10/13/2023,G1,175,0.498,0.461,0.271,14.5,16:36:00,16:37:30,16:36:00,16:37:30,15:54:30,15:54:30,45212_175,good,,16:36:00,16:37:30,LGR1,,,
10/13/23,10/13/2023,G1,176,0.264,0.339,0.452,14.7,16:38:15,16:40:00,16:38:15,16:40:00,15:56:45,15:56:45,45212_176,good,,16:38:15,16:40:00,LGR1,,,
10/13/23,10/13/2023,G1,153,0.422,0.406,0.396,14.1,16:41:45,16:43:15,16:41:45,16:43:15,16:00:15,16:00:15,45212_153,good,,16:41:45,16:43:15,LGR1,,,
10/13/23,10/13/2023,E1,678,,,,,16:51:00,16:53:00,16:51:00,16:53:00,16:09:30,16:09:30,45212_678,good,,16:51:00,16:53:00,LGR1,,,
10/13/23,10/13/2023,E1,677,,,,,16:53:30,16:55:30,16:53:30,16:55:30,16:12:00,16:12:00,45212_677,good,,16:53:30,16:55:30,LGR1,,,
11/21/23,11/21/2023,BGS,2,0.126,0.265,0.179,8.8,13:26:30,13:29:30,13:26:30,13:29:30,12:45:00,12:45,45251_2,good,,13:26:30,13:29:30,LGR1,,,
11/21/23,11/21/2023,BGS,1,0.356,0.577,0.346,6.9,13:30:40,13:33:40,13:30:40,13:33:40,12:49:00,12:49,45251_1,good,,13:30:40,13:33:40,LGR1,,,
11/21/23,11/21/2023,BGS,3,0.237,0.216,0.161,4.9,13:34:45,13:37:45,13:34:45,13:37:45,12:54:00,12:54,45251_3,good,,13:34:45,13:37:45,LGR1,,,
11/21/23,11/21/2023,BGS,5,0.315,0.379,0.275,4.4,13:40:15,13:43:15,13:40:15,13:43:15,12:59:00,12:59,45251_5,good,"big ouliers, need to remove?",13:40:15,13:43:15,LGR1,,,
11/21/23,11/21/2023,BGS,6,0.475,0.281,0.139,5.3,13:44:50,13:47:50,13:44:50,13:47:50,13:03:00,13:03,45251_6,good,,13:44:50,13:47:50,LGR1,,,
11/21/23,11/21/2023,BGS,7,0.32,0.551,0.409,3.5,14:15:45,14:18:45,14:15:45,14:19:45,13:37:00,13:37,45251_7,good,removed last 60 seconds,14:15:45,14:18:45,LGR1,,,
11/21/23,11/21/2023,BGS,No #?,0.328,0.607,0.463,4.2,13:49:30,13:52:30,13:49:30,13:52:30,13:08:00,13:08,45251_No #?,good,,13:49:30,13:52:30,LGR1,,,
11/21/23,11/21/2023,BGS,8,0.341,0.235,0.369,4.2,00:00:00,00:00:00,,,00:00:00,,45251_8,bad,,,,LGR1,leaky,,
11/21/23,11/21/2023,BGS,9,0.265,0.331,0.234,4.2,14:19:45,14:22:45,14:19:45,14:22:45,13:37:00,13:37,45251_9,good,,14:19:45,14:22:45,LGR1,,,
11/21/23,11/21/2023,BGS,10,,,,,00:00:00,00:00:00,,,00:00:00,,45251_10,bad,,,,LGR1,,,
11/21/23,11/21/2023,BGS,11,,,,,00:00:00,00:00:00,,,00:00:00,,45251_11,bad,,,,LGR1,,,
11/21/23,11/21/2023,BGS,12,,,,,00:00:00,00:00:00,,,00:00:00,,45251_12,bad,,,,LGR1,,,
11/21/23,11/21/2023,BGS,13,,,,,00:00:00,00:00:00,,,00:00:00,,45251_13,bad,,,,LGR1,,,
11/21/23,11/21/2023,BGS,14,,,,,00:00:00,00:00:00,,,00:00:00,,45251_14,bad,,,,LGR1,,,
11/21/23,11/21/2023,BGS,15,,,,,00:00:00,00:00:00,,,00:00:00,,45251_15,bad,,,,LGR1,,,
11/21/23,11/21/2023,BGS,16,,,,,00:00:00,00:00:00,,,00:00:00,,45251_16,bad,,,,LGR1,,,
11/21/23,11/21/2023,BGS,18,,,,,00:00:00,00:00:00,,,00:00:00,,45251_18,bad,,,,LGR1,,,
11/21/23,11/21/2023,BGS,20,,,,,00:00:00,00:00:00,,,00:00:00,,45251_20,bad,,,,LGR1,,,
11/21/23,11/21/2023,BGS,19,,,,,00:00:00,00:00:00,,,00:00:00,,45251_19,bad,,,,LGR1,,,
11/21/23,11/21/2023,BGS,21,,,,,00:00:00,00:00:00,,,00:00:00,,45251_21,bad,,,,LGR1,,,
11/21/23,11/21/2023,BGS,23,,,,,00:00:00,00:00:00,,,00:00:00,,45251_23,bad,,,,LGR1,,,
11/21/23,11/21/2023,BGS,27,,,,,00:00:00,00:00:00,,,00:00:00,,45251_27,bad,,,,LGR1,,,
11/21/23,11/21/2023,BGS,26,,,,,00:00:00,00:00:00,,,00:00:00,,45251_26,bad,,,,LGR1,,,
11/21/23,11/21/2023,BGS,24,,,,,00:00:00,00:00:00,,,00:00:00,,45251_24,bad,,,,LGR1,,,
11/21/23,11/21/2023,BGS,25,,,,,00:00:00,00:00:00,,,00:00:00,,45251_25,bad,,,,LGR1,,,
11/21/23,11/21/2023,BGS,28,,,,,00:00:00,00:00:00,,,00:00:00,,45251_28,bad,,,,LGR1,,,
11/21/23,11/21/2023,BGS,31,0.278,0.202,0.193,3.2,14:06:30,14:09:30,14:06:30,14:09:30,13:24:00,13:24,45251_31,bad,,14:06:30,14:09:30,LGR1,,,
11/21/23,11/21/2023,BGS,30,0.17,0.321,0.188,3.6,14:02:25,14:05:25,14:02:25,14:05:25,13:20:00,13:20,45251_30,good,,14:02:25,14:05:25,LGR1,,,
11/21/23,11/21/2023,BGS,29,0.212,0.486,0.823,3.8,13:56:00,13:59:00,13:56:00,13:59:00,13:14:00,13:14,45251_29,good,,13:56:00,13:59:00,LGR1,,,
11/21/23,11/21/2023,BGS,32,,,,,00:00:00,00:00:00,,,00:00:00,,45251_32,,,,,LGR1,,,
11/15/23,11/15/2023,E5,889,0.348,0.367,0.242,8,12:51:00,12:54:00,12:51:00,12:54:00,12:09:00,12:09,45245_889,good,,12:51:00,12:54:00,LGR1,,,
11/15/23,11/15/2023,E5,880,0.251,0.455,0.34,7.9,12:54:45,12:57:45,12:54:45,12:57:45,12:12:00,12:12,45245_880,good,,12:54:45,12:57:45,LGR1,,,
11/15/23,11/15/2023,E5,893,0.493,0.315,0.472,7.8,12:58:30,13:01:30,12:58:30,13:01:30,12:16:00,12:16,45245_893,good,,12:58:30,13:01:30,LGR1,,,
11/15/23,11/15/2023,E5,903,0.456,0.434,0.309,8.1,13:06:00,13:09:00,13:06:00,13:09:00,12:24:00,12:24,45245_903,good,,13:06:00,13:09:00,LGR1,,,
11/15/23,11/15/2023,E5,905,0.357,0.451,0.247,6.8,13:09:45,13:12:45,13:09:45,13:12:45,12:28:00,12:28,45245_905,good,,13:09:45,13:12:45,LGR1,,,
11/15/23,11/15/2023,E5,876,0.248,0.313,0.293,7.2,13:14:10,13:17:10,13:14:10,13:17:10,12:32:00,12:32,45245_876,good,,13:14:10,13:17:10,LGR1,,,
11/15/23,11/15/2023,E5,892,0.353,0.386,0.448,7.2,13:18:45,13:21:45,13:18:45,13:21:45,12:37:00,12:37,45245_892,good,,13:18:45,13:21:45,LGR1,,,
11/15/23,11/15/2023,E5,895,0.451,0.32,0.437,7.1,13:23:00,13:26:00,13:23:00,13:26:00,12:41:00,12:41,45245_895,good,,13:23:00,13:26:00,LGR1,,,
11/15/23,11/15/2023,C2,380,0.257,0.439,0.43,5.9,10:50:00,10:53:00,10:49:00,10:52:00,10:07:00,10:07,45245_380,good,not great? tried moving 1 minute forward,10:50:00,10:53:00,LGR1,,,
11/15/23,11/15/2023,C2,386,0.306,0.32,0.241,7,11:07:00,11:10:00,11:07:00,11:10:00,10:25:00,10:25,45245_386,good,,11:07:00,11:10:00,LGR1,,,
11/15/23,11/15/2023,D2,583,0.23,0.291,0.231,7.8,10:38:00,10:41:00,10:38:00,10:41:00,13:26:24,9.56,45245_583,good,,10:38:00,10:41:00,LGR1,,,
11/15/23,11/15/2023,D2,288,0.257,0.439,0.43,6.6,10:50:00,10:53:00,10:49:00,10:52:00,10:07:00,10:07,45245_288,good,not great? tried moving 1 minute forward,10:50:00,10:53:00,LGR1,,,
11/15/23,11/15/2023,D1,529,0.483,0.531,0.474,14.1,10:23:30,10:26:30,10:23:30,10:26:30,09:42:00,9:42,45245_529,good,,10:23:30,10:26:30,LGR1,,,
11/15/23,11/15/2023,D1,544,0.379,0.317,0.443,11.4,10:29:30,10:32:30,10:29:30,10:32:30,09:47:00,9:47,45245_544,good,,10:29:30,10:32:30,LGR1,,,
11/15/23,11/15/2023,C1,217,0.33,0.208,0.272,7.3,11:27:00,11:30:00,11:27:00,11:30:00,10:45:00,10:45,45245_217,good,,11:27:00,11:30:00,LGR1,,,
11/15/23,11/15/2023,C1,356,0.534,0.489,0.435,8.3,11:31:30,11:34:30,11:31:30,11:34:30,10:50:00,10:50,45245_356,good,,11:31:30,11:34:30,LGR1,,,
11/15/23,11/15/2023,C1,366,0.423,0.434,0.342,9.4,11:36:00,11:39:00,11:36:00,11:39:00,10:54:00,10:54,45245_366,good,ask jon,11:36:00,11:39:00,LGR1,,,
11/15/23,11/15/2023,C1,362,0.295,0.444,0.513,9.8,11:40:30,11:43:30,11:40:30,11:43:30,10:58:00,10:58,45245_362,good,,11:40:30,11:43:30,LGR1,,,
11/15/23,11/15/2023,C1,351,0.208,0.321,0.302,11.1,11:45:00,11:48:00,11:45:00,11:48:00,11:03:00,11:03,45245_351,good,,11:45:00,11:48:00,LGR1,,,
11/15/23,11/15/2023,H1,318,0.264,0.233,0.248,9.5,12:03:05,12:06:05,12:03:05,12:06:05,11:21:00,11:21,45245_318,good,,12:03:05,12:06:05,LGR1,,,
11/15/23,11/15/2023,H1,309,0.343,0.516,0.383,11.1,11:52:10,11:55:00,11:52:00,11:55:00,11:10:00,11:10,45245_309,good,moved forward 10 seconds,11:52:10,11:55:00,LGR1,,,
11/15/23,11/15/2023,H1,302,0.191,0.218,0.265,9.2,11:58:00,12:01:00,11:58:00,12:01:00,11:16:00,11:16,45245_302,good,,11:58:00,12:01:00,LGR1,,,
11/15/23,11/15/2023,F1,933,0.358,0.462,0.208,8.9,12:09:35,12:12:35,12:09:35,12:12:35,11:28:00,11:28,45245_933,good,,12:09:35,12:12:35,LGR1,,,
11/15/23,11/15/2023,F1,236,0.408,0.538,0.485,8.7,12:16:45,12:19:45,12:16:45,12:19:45,11:34:00,11:34,45245_236,good,,12:16:45,12:19:45,LGR1,,,
11/15/23,11/15/2023,G1,165,0.49,0.368,0.455,9.3,12:21:10,12:24:10,12:21:10,12:24:10,11:39:00,11:39,45245_165,good,,12:21:10,12:24:10,LGR1,,,
11/15/23,11/15/2023,G1,175,0.482,0.459,0.278,8.8,12:26:15,12:29:15,12:26:15,12:29:15,11:44:00,11:44,45245_175,good,,12:26:15,12:29:15,LGR1,,,
11/15/23,11/15/2023,G1,176,0.422,0.263,0.42,10.3,12:30:45,12:33:45,12:30:45,12:33:45,11:48:00,11:48,45245_176,good,,12:30:45,12:33:45,LGR1,,,
11/15/23,11/15/2023,G1,153,0.434,0.47,0.447,8.5,12:35:15,12:38:15,12:35:15,12:38:15,11:52:00,11:52,45245_153,good,,12:35:15,12:38:15,LGR1,,,
11/15/23,11/15/2023,E1,677,0.443,0.369,0.476,7.6,11:16:00,11:19:00,11:16:00,11:19:00,10:34:00,10:34,45245_677,good,,11:16:00,11:19:00,LGR1,,,
11/15/23,11/15/2023,E1,678,0.34,0.564,0.675,7.5,11:20:30,11:23:30,11:20:30,11:23:30,10:38:00,10:38,45245_678,good,,11:20:30,11:23:30,LGR1,,,
01/05/24,01/05/2024,E5,895,,,,,14:55:00,14:58:00,14:56:00,14:59:00,14:12:00,14:12:00,45296_895,good,ask jon moved one minute earlier,14:55:00,14:58:00,LGR1,,110685,
01/05/24,01/05/2024,E5,892,,,,,15:00:00,15:03:00,15:01:00,15:04:00,14:17:00,14:17:00,45296_892,good,ask jon moved one minute earlier,15:00:00,15:03:00,LGR1,,110676,
01/05/24,01/05/2024,E5,889,,,,,15:05:30,15:08:30,15:05:30,15:08:30,14:21:30,14:21:30,45296_889,good,,15:05:30,15:08:30,LGR1,,110673,
01/05/24,01/05/2024,E5,880,,,,,15:10:30,15:13:30,15:10:30,15:13:30,14:26:30,14:26:30,45296_880,good,,15:10:30,15:13:30,LGR1,,110664,
01/05/24,01/05/2024,E5,893,,,,,15:17:20,15:20:20,15:17:20,15:20:20,14:33:20,14:33:20,45296_893,good,,15:17:20,15:20:20,LGR1,,110662,
01/05/24,01/05/2024,E5,876,,,,,15:23:00,15:26:00,15:23:00,15:26:00,14:39:00,14:39:00,45296_876,bad,,15:23:00,15:26:00,LGR1,,100910,
01/05/24,01/05/2024,E5,905,,,,,15:29:40,15:32:30,15:29:40,15:32:30,14:45:40,14:45:40,45296_905,bad,,15:29:40,15:32:30,LGR1,,100841,
01/05/24,01/05/2024,E5,903,,,,,15:34:10,15:37:10,15:34:10,15:37:10,14:50:10,14:50:10,45296_903,good,,15:34:10,15:37:10,LGR1,,100843,
01/08/24,01/08/2024,BGS,2,,,,,13:55:20,13:58:00,13:55:20,13:58:00,13:11:20,13:11:20,45299_2,bad,,13:55:20,13:58:00,LGR1,,,
01/08/24,01/08/2024,BGS,1,,,,,14:00:00,14:02:30,14:00:00,14:02:30,13:16:00,13:16:00,45299_1,good,,14:00:00,14:02:30,LGR1,,,
01/08/24,01/08/2024,BGS,3,,,,,14:05:00,14:07:00,14:05:00,14:07:00,13:21:00,13:21:00,45299_3,bad,,14:05:00,14:07:00,LGR1,,,
01/08/24,01/08/2024,BGS,32,,,,,14:12:30,14:14:30,14:12:30,14:14:30,13:28:30,13:28:30,45299_32,good,,14:12:30,14:14:30,LGR1,,,
01/08/24,01/08/2024,BGS,7,,,,,14:18:30,14:20:45,14:19:30,14:21:45,13:35:30,13:35:30,45299_7,good,moved one minute earlier,14:18:30,14:20:45,LGR1,,,
01/08/24,01/08/2024,BGS,8,,,,,14:24:30,14:27:00,14:25:00,14:27:30,13:41:00,13:41:00,45299_8,good,moved 30 seconds earlier,14:24:30,14:27:00,LGR1,,,
01/08/24,01/08/2024,BGS,9,,,,,00:00:00,00:00:00,,,00:00:00,,45299_9,bad,,,,LGR1,,,
01/08/24,01/08/2024,BGS,28,,,,,00:00:00,00:00:00,,,00:00:00,,45299_28,bad,,,,LGR1,,,
01/08/24,01/08/2024,BGS,27,,,,,14:36:00,14:38:00,14:37:00,14:39:00,13:53:00,13:53:00,45299_27,good,moved one minute earlier,14:36:00,14:38:00,LGR1,,,
01/08/24,01/08/2024,BGS,26,,,,,14:40:30,14:42:30,14:40:30,14:42:30,13:56:30,13:56:30,45299_26,good,,14:40:30,14:42:30,LGR1,,,
01/08/24,01/08/2024,BGS,23,,,,,14:45:45,14:47:45,14:45:45,14:47:45,14:01:45,14:01:45,45299_23,good,,14:45:45,14:47:45,LGR1,,,
01/08/24,01/08/2024,BGS,10,,,,,14:51:00,14:53:00,14:51:00,14:53:00,14:07:00,14:07:00,45299_10,good,,14:51:00,14:53:00,LGR1,,,
01/08/24,01/08/2024,BGS,11,,,,,14:56:00,14:58:00,14:56:00,14:58:00,14:12:00,14:12:00,45299_11,good,,14:56:00,14:58:00,LGR1,,,
01/08/24,01/08/2024,BGS,21,,,,,15:00:15,15:02:00,15:00:15,15:02:00,14:16:15,14:16:15,45299_21,bad,,15:00:15,15:02:00,LGR1,,,
01/08/24,01/08/2024,BGS,12,,,,,15:05:15,15:07:15,15:05:15,15:07:15,14:21:15,14:21:15,45299_12,good,,15:05:15,15:07:15,LGR1,,,
01/08/24,01/08/2024,BGS,14,,,,,15:10:00,15:12:00,15:10:00,15:12:00,14:26:00,14:26:00,45299_14,bad,,15:10:00,15:12:00,LGR1,,,
01/08/24,01/08/2024,BGS,15,,,,,15:14:00,15:16:00,15:14:00,15:16:00,14:30:00,14:30:00,45299_15,bad,,15:14:00,15:16:00,LGR1,,,
01/12/24,01/12/2024,C2,386,,,,,10:41:15,10:44:15,10:41:45,10:44:45,09:57:45,9:57:45,45303_386,good,moved back 30 seconds,10:41:15,10:44:15,LGR1,,,
01/12/24,01/12/2024,C2,380,,,,,10:46:15,10:49:15,10:46:15,10:49:15,10:02:15,10:02:15,45303_380,good,,10:46:15,10:49:15,LGR1,,280059,
01/12/24,01/12/2024,D2,583,,,,,10:51:45,10:54:45,10:51:45,10:54:45,10:07:45,10:07:45,45303_583,good,,10:51:45,10:54:45,LGR1,,270156,
01/12/24,01/12/2024,D2,288,,,,,10:56:30,10:59:30,10:56:30,10:59:30,10:12:30,10:12:30,45303_288,good,,10:56:30,10:59:30,LGR1,,270156,
01/12/24,01/12/2024,C1,356,,,,,11:12:30,11:15:30,11:12:30,11:15:30,10:28:30,10:28:30,45303_356,good,,11:12:30,11:15:30,LGR1,,,
01/12/24,01/12/2024,C1,366,,,,,11:17:00,11:21:00,11:17:30,11:21:30,10:33:30,10:33:30,45303_366,good,moved 30 seconds back,11:17:00,11:21:00,LGR1,,320670,
01/12/24,01/12/2024,C1,362,,,,,11:22:15,11:26:15,11:22:15,11:26:15,10:38:15,10:38:15,45303_362,good,,11:22:15,11:26:15,LGR1,,320659,
01/12/24,01/12/2024,C1,351,,,,,11:28:30,11:30:30,11:28:30,11:30:30,10:44:30,10:44:30,45303_351,good,,11:28:30,11:30:30,LGR1,,320810,
01/12/24,01/12/2024,D1,529,,,,,11:36:00,11:38:30,11:36:00,11:38:30,10:52:00,10:52:00,45303_529,good,,11:36:00,11:38:30,LGR1,,310575,
01/12/24,01/12/2024,E1,678,,,,,11:56:15,11:59:30,11:55:00,11:59:30,11:11:00,11:11:00,45303_678,good,moved start 75 seconds forward,11:56:15,11:59:30,LGR1,,340766,
01/12/24,01/12/2024,E1,677,,,,,12:00:00,12:02:30,12:00:00,12:02:30,11:16:00,11:16:00,45303_677,good,,12:00:00,12:02:30,LGR1,,330989,
01/12/24,01/12/2024,H1,318,,,,,12:06:30,12:09:30,12:06:30,12:09:30,11:22:30,11:22:30,45303_318,good,,12:06:30,12:09:30,LGR1,,321050,
01/12/24,01/12/2024,H1,309,,,,,00:00:00,00:00:00,,,00:00:00,,45303_309,good,,,,LGR1,,330993,
01/12/24,01/12/2024,H1,302,,,,,12:13:30,12:16:00,12:13:30,12:16:00,11:29:30,11:29:30,45303_302,good,,12:13:30,12:16:00,LGR1,,331038,
01/12/24,01/12/2024,F1,236,,,,,12:22:15,12:25:45,12:22:15,12:25:45,11:38:15,11:38:15,45303_236,good,,12:22:15,12:25:45,LGR1,,,
01/12/24,01/12/2024,G1,175,,,,,12:28:00,12:31:00,12:28:00,12:31:00,11:44:00,11:44:00,45303_175,good,,12:28:00,12:31:00,LGR1,,,
01/12/24,01/12/2024,G1,176,,,,,12:33:00,12:36:00,12:33:00,12:36:00,11:49:00,11:49:00,45303_176,good,,12:33:00,12:36:00,LGR1,,,
01/12/24,01/12/2024,G1,153,,,,,12:38:15,12:41:00,12:38:15,12:41:00,11:54:15,11:54:15,45303_153,good,,12:38:15,12:41:00,LGR1,,,
01/12/24,01/12/2024,BGS,16,,,,,13:29:45,13:32:45,13:29:45,13:32:45,12:45:45,12:45:45,45303_16,good,,13:29:45,13:32:45,LGR1,,,
01/12/24,01/12/2024,BGS,18,,,,,00:00:00,00:00:00,,,00:00:00,,45303_18,good,,,,LGR1,,,
01/12/24,01/12/2024,BGS,20,,,,,13:38:45,13:41:45,13:38:45,13:41:45,12:54:45,12:54:45,45303_20,good,,13:38:45,13:41:45,LGR1,,,
01/12/24,01/12/2024,BGS,19,,,,,13:43:15,13:46:15,13:43:15,13:46:15,12:59:15,12:59:15,45303_19,good,,13:43:15,13:46:15,LGR1,,,
01/12/24,01/12/2024,BGS,12,,,,,13:50:15,13:53:15,13:50:15,13:53:15,13:06:15,13:06:15,45303_12,good,,13:50:15,13:53:15,LGR1,,,
01/12/24,01/12/2024,BGS,24,,,,,13:59:30,14:02:30,13:59:30,14:02:30,13:15:30,13:15:30,45303_24,good,not great?,13:59:30,14:02:30,LGR1,,,
01/12/24,01/12/2024,BGS,25,,,,,14:06:00,14:07:30,14:05:30,14:07:00,13:21:30,13:21:30,45303_25,bad,moved 1 min forward,14:06:00,14:07:30,LGR1,,,
01/12/24,01/12/2024,BGS,31,,,,,14:13:00,14:15:00,14:13:00,14:15:00,13:29:00,13:29:00,45303_31,good,,14:13:00,14:15:00,LGR1,,,
01/12/24,01/12/2024,BGS,30,,,,,14:17:15,14:19:15,14:17:15,14:19:15,13:33:15,13:33:15,45303_30,bad,,14:17:15,14:19:15,LGR1,,,
01/12/24,01/12/2024,BGS,29,,,,,14:21:30,14:23:00,14:21:30,14:23:00,13:37:30,13:37:30,45303_29,good,,14:21:30,14:23:00,LGR1,,,
01/12/24,01/12/2024,BGS,5,,,,,14:28:45,14:31:00,14:28:45,14:31:00,13:44:45,13:44:45,45303_5,good,,14:28:45,14:31:00,LGR1,,,
01/12/24,01/12/2024,BGS,6,,,,,14:32:45,14:37:00,14:32:45,14:37:00,13:48:45,13:48:45,45303_6,bad,,14:32:45,14:37:00,LGR1,,,
02/27/24,2/27/24,H1,309,,,,,12:53:00,12:56:00,12:53:00,12:56:00,12:06:15,12:06,45349_309,bad,,12:53:00,12:56:00,LGR1,,,Ground too frozen to measure any moisture
02/27/24,2/27/24,H1,302,,,,,12:58:15,13:01:15,12:57:45,13:00:45,12:11:00,12:11,45349_302,good,moved forward 30,12:58:15,13:01:15,LGR1,,,
02/27/24,2/27/24,H1,318,,,,,13:03:20,13:06:20,13:02:20,13:05:20,12:15:35,12:15,45349_318,good,moved forward 60,13:03:20,13:06:20,LGR1,,,
02/27/24,2/27/24,D2,583,,,,,13:24:10,13:27:10,13:22:40,13:25:40,12:35:55,12:35,45349_583,good,moved forward 1.5 minute,13:24:10,13:27:10,LGR1,,,
02/27/24,2/27/24,D2,288,,,,,13:28:15,13:31:15,13:26:45,13:29:45,12:40:00,12:40,45349_288,good,moved forward 1.5 minute,13:28:15,13:31:15,LGR1,,,
02/27/24,2/27/24,C2,386,,,,,13:33:50,13:36:50,13:32:20,13:35:20,12:45:35,12:45,45349_386,good,moved forward 1.5 minute,13:33:50,13:36:50,LGR1,,,
02/27/24,2/27/24,C2,380,,,,,13:38:25,13:40:50,13:36:20,13:39:20,12:49:35,12:49,45349_380,good,moved forward 2 minute,13:38:25,13:40:50,LGR1,,,
02/27/24,2/27/24,E5,895,,,,,13:51:20,13:54:20,13:51:20,13:54:20,13:04:35,13:04,45349_895,good,,13:51:20,13:54:20,LGR1,,,
02/27/24,2/27/24,E5,892,,,,,00:00:00,00:00:00,,,00:00:00,,45349_892,bad,,,,LGR1,,,leaky
02/27/24,2/27/24,E5,889,,,,,00:00:00,00:00:00,,,00:00:00,,45349_889,bad,,,,LGR1,,,leaky
02/27/24,2/27/24,E5,880,,,,,14:02:20,14:05:20,14:02:20,14:05:20,13:15:35,13:15,45349_880,good,,14:02:20,14:05:20,LGR1,,,
02/27/24,2/27/24,E5,893,,,,,14:07:15,14:10:15,14:07:15,14:10:15,13:20:30,13:20,45349_893,good,,14:07:15,14:10:15,LGR1,,,
02/27/24,2/27/24,E5,903,,,,,14:12:15,14:15:15,14:12:15,14:15:15,13:25:30,13:25,45349_903,good,,14:12:15,14:15:15,LGR1,,,
02/27/24,2/27/24,E5,905,,,,,14:19:05,14:22:05,14:19:05,14:22:05,13:32:20,13:32,45349_905,good,,14:19:05,14:22:05,LGR1,,,
02/27/24,2/27/24,E1,678,,,,,11:37:45,11:40:45,11:37:45,11:40:45,10:51:00,10:51,45349_678,good,,11:37:45,11:40:45,LGR1,,,
02/27/24,2/27/24,E1,677,,,,,11:42:20,11:42:50,11:40:20,11:44:20,10:55:00,10:55,45349_677,bad,"ask jon? moved forward 2 minute, removed 30 secs from end",11:42:20,11:42:50,LGR1,,,
02/27/24,2/27/24,C1,356,,,,,11:49:30,11:52:00,11:48:00,11:51:00,11:03:00,11:03,45349_356,good,"moved forward 1.5 minute, removed 30 secs from end",11:49:30,11:52:00,LGR1,,,
02/27/24,2/27/24,C1,366,,,,,11:54:45,11:57:45,11:53:45,11:56:45,11:08:00,11:08,45349_366,bad,"moved forward 1 minute, removed 30 secs from end",11:54:45,11:57:45,LGR1,,,
02/27/24,2/27/24,C1,362,,,,,11:59:45,12:02:45,11:58:15,12:01:15,11:13:00,11:13,45349_362,good,moved forward 1.5 minute,11:59:45,12:02:45,LGR1,,,
02/27/24,2/27/24,C1,217,,,,,12:04:15,12:07:15,12:02:45,12:05:45,11:17:00,11:17,45349_217,good,"moved forward 1.5 minute, removed 30 secs from end",12:04:15,12:07:15,LGR1,,,
02/27/24,2/27/24,C1,351,,,,,12:09:00,12:12:00,12:07:30,12:10:30,11:22:00,11:22,45349_351,good,"moved forward 1.5 minute, removed 30 secs from end",12:09:00,12:12:00,LGR1,,,
02/27/24,2/27/24,D1,529,,,,,12:16:30,12:17:15,12:15:00,12:18:00,11:30:00,11:30,45349_529,good,"moved forward 1.5 minute, removed 90 secs from end",12:16:30,12:17:15,LGR1,,,
02/27/24,2/27/24,D1,544,,,,,00:00:00,00:00:00,,,00:00:00,,45349_544,bad,,,,LGR1,,,leaky
02/27/24,2/27/24,F1,933,,,,,12:30:30,12:33:00,12:29:00,12:32:00,11:44:00,11:44,45349_933,good,"moved forward 1.5 minute,",12:30:30,12:33:00,LGR1,,,
02/27/24,2/27/24,F1,236,,,,,12:35:55,12:38:55,12:35:55,12:38:55,11:49:00,11:49,45349_236,good,,12:35:55,12:38:55,LGR1,,,
02/27/24,2/27/24,G1,165,,,,,12:41:20,12:44:20,12:41:20,12:44:20,11:55:00,11:55,45349_165,good,,12:41:20,12:44:20,LGR1,,,
02/27/24,2/27/24,G1,175,,,,,12:46:40,12:49:40,12:45:10,12:48:10,11:58:50,11:58,45349_175,good,moved forward 1.5 minute,12:46:40,12:49:40,LGR1,,,
02/27/24,2/27/24,G1,153,,,,,00:00:00,00:00:00,,,00:00:00,,45349_153,bad,,,,LGR1,,,leaky
03/06/24,3/6/24,BGS,2,0.361,,,15.1,10:18:30,10:20:30,10:18:30,10:21:30,00:00:00,,45357_2,bad,removed last min,10:18:30,10:20:30,LGR1,,,
03/06/24,3/6/24,BGS,1,,,,,10:22:30,10:25:30,10:22:30,10:25:30,00:00:00,,45357_1,good,,10:22:30,10:25:30,LGR1,,,
03/06/24,3/6/24,BGS,3,,,,,10:27:45,10:30:45,10:27:45,10:30:45,00:00:00,,45357_3,good,,10:27:45,10:30:45,LGR1,,,
03/06/24,3/6/24,BGS,5,,,,,10:32:30,10:35:30,10:32:30,10:35:30,00:00:00,,45357_5,good,,10:32:30,10:35:30,LGR1,,,
03/06/24,3/6/24,BGS,6,,,,,10:36:45,10:39:45,10:36:45,10:39:45,00:00:00,,45357_6,good,,10:36:45,10:39:45,LGR1,,,
03/06/24,3/6/24,BGS,UNK,,,,,10:43:15,10:45:45,10:42:45,10:45:45,00:00:00,,45357_UNK,good,removed first 30 secs,10:43:15,10:45:45,LGR1,,,
03/06/24,3/6/24,BGS,30,,,,,10:47:30,10:50:30,10:47:30,10:50:30,00:00:00,,45357_30,good,,10:47:30,10:50:30,LGR1,,,
03/06/24,3/6/24,BGS,29,,,,,00:00:00,00:00:00,,,00:00:00,,45357_29,bad,,,,LGR1,,Leaky,
03/06/24,3/6/24,BGS,31,,,,,10:53:15,10:55:45,10:52:45,10:55:45,00:00:00,,45357_31,bad,remove first 30,10:53:15,10:55:45,LGR1,,,
03/06/24,3/6/24,BGS,9,,,,,10:57:15,11:00:15,10:57:15,11:00:15,00:00:00,,45357_9,good,,10:57:15,11:00:15,LGR1,,,
03/06/24,3/6/24,BGS,8,,,,,11:00:45,11:03:45,11:00:45,11:03:45,00:00:00,,45357_8,good,,11:00:45,11:03:45,LGR1,,,
03/06/24,3/6/24,BGS,28,,,,,11:04:50,11:07:50,11:04:50,11:07:50,00:00:00,,45357_28,good,,11:04:50,11:07:50,LGR1,,,
03/06/24,3/6/24,BGS,27,,,,,11:12:20,11:14:50,11:11:50,11:14:50,00:00:00,,45357_27,good,removed first 30,11:12:20,11:14:50,LGR1,,,
03/06/24,3/6/24,BGS,26,,,,,11:08:30,11:11:30,11:08:30,11:11:30,00:00:00,,45357_26,good,,11:08:30,11:11:30,LGR1,,,
04/02/24,04/02/2024,C2,380,0.436,0.425,0.305,12.7,10:59:30,11:02:30,10:59:30,11:02:30,10:15:00,10:15:00,45384_380,good,,10:59:30,11:02:30,LGR1,,,
04/02/24,04/02/2024,D2,288,0.208,0.268,0.225,11.5,12:20:30,12:23:30,12:20:30,12:23:30,11:33:00,11:33:00,45384_288,good,,12:20:30,12:23:30,LGR1,,Leaky,
04/02/24,04/02/2024,D2,583,0.269,0.252,0.287,10.7,12:27:00,12:30:00,12:27:00,12:30:00,11:39:30,11:39:30,45384_583,good,,12:27:00,12:30:00,LGR1,,,
04/02/24,04/02/2024,C2,386,0.398,0.433,0.218,11.2,12:34:45,12:37:45,12:34:45,12:37:45,11:47:15,11:47:15,45384_386,good,need to remove outlier?,12:34:45,12:37:45,LGR1,,Leaky,
04/02/24,04/02/2024,D1,529,0.468,0.319,0.477,11.3,12:50:45,12:53:45,12:50:45,12:53:45,12:03:15,12:03:15,45384_529,good,,12:50:45,12:53:45,LGR1,,Leaky,
04/02/24,04/02/2024,C1,366,0.451,0.395,0.449,10.6,12:57:00,13:00:00,12:57,13:00:00,12:09:30,12:09:30,45384_366,good,,12:57:00,13:00:00,LGR1,,,
04/02/24,04/02/2024,C1,362,0.419,0.499,0.41,10.6,13:01:45,13:04:45,13:01:45,13:04:45,12:14:15,12:14:15,45384_362,good,,13:01:45,13:04:45,LGR1,,Leaky,
04/02/24,04/02/2024,C1,356,0.53,0.444,0.52,10.8,13:07:30,13:10:30,13:07:30,13:10:30,12:20:00,12:20:00,45384_356,good,,13:07:30,13:10:30,LGR1,,Leaky,
05/01/24,05/01/2024,BGS,413,0.28,0.636,0.264,,10:47:00,10:51:30,10:43:30,10:48:00,09:50:00,9:50,45413_413,good,move forward 3 min,10:47:00,10:51:30,LGR1,,,
05/01/24,05/01/2024,BGS,432,0.388,0.49,0.335,,10:48:30,10:53:30,10:48:30,10:53:30,09:55:00,9:55,45413_432,good,,10:48:30,10:53:30,LGR1,,,
05/01/24,05/01/2024,BGS,423,0.656,0.756,0.93,,11:06:45,11:11:00,11:06:45,11:11,10:13:15,10:13,45413_423,good,,11:06:45,11:11:00,LGR1,,,
05/01/24,05/01/2024,BGS,425,0.198,0.316,0.643,,11:13:30,11:15:30,11:13:30,11:15:30,10:20:00,10:20,45413_425,good,,11:13:30,11:15:30,LGR1,,,
05/01/24,05/01/2024,BGS,426,0.237,0.352,0.361,,12:35:50,12:39:00,12:35:50,12:39,11:42:20,11:42,45413_426,bad,,12:35:50,12:39:00,LGR1,,,
05/01/24,05/01/2024,BGS,427,0.372,0.406,0.45,,12:42:45,12:48:00,12:42:45,12:48,11:49:15,11:49,45413_427,good,,12:42:45,12:48:00,LGR1,,,
05/01/24,05/01/2024,BGS,431,,,,,12:54:30,12:57:30,12:55:30,12:58:30,12:02:00,12:02,45413_431,good,move back 1 min,12:54:30,12:57:30,LGR1,,,
05/01/24,05/01/2024,BGS,443,0.279,0.477,0.432,,13:02:00,13:05:00,13:02,13:05,12:08:30,12:08,45413_443,good,,13:02:00,13:05:00,LGR1,,,
05/01/24,05/01/2024,BGS,420,0.263,0.253,0.303,,13:16:45,13:19:00,13:16:45,13:19,12:23:15,12:23,45413_420,good,,13:16:45,13:19:00,LGR1,,,
05/01/24,05/01/2024,BGS,421,0.327,0.235,0.355,,13:21:00,13:24:00,13:21:00,13:24,12:27:30,12:27,45413_421,good,,13:21:00,13:24:00,LGR1,,,
05/01/24,05/01/2024,BGS,438,0.242,0.407,0.233,,13:35:00,13:38:00,13:35,13:38,12:41:30,12:41,45413_438,good,,13:35:00,13:38:00,LGR1,,,
05/01/24,05/01/2024,C2,380,0.442,0.272,0.318,,14:37:30,14:40:30,14:37:30,14:40:30,13:47:00,13:47,45413_380,good,,14:37:30,14:40:30,LGR1,,,
05/01/24,05/01/2024,D2,583,0.48,0.281,0.312,,14:46:00,14:49:00,14:46,14:49,13:55:30,13:55,45413_583,good,,14:46:00,14:49:00,LGR1,,,
05/01/24,05/01/2024,D1,529,0.522,0.518,0.42,,14:56:45,14:59:00,14:56:45,14:59,14:06:15,14:06,45413_529,good,,14:56:45,14:59:00,LGR1,,,
05/01/24,05/01/2024,C1,351,0.458,0.387,0.517,,15:04:00,15:06:00,15:04,15:06,14:13:30,14:13,45413_351,good,,15:04:00,15:06:00,LGR1,,,
05/01/24,05/01/2024,C1,362,0.114,0.519,0.485,,15:14:30,15:17:30,15:14:30,15:17:30,14:24:00,14:24,45413_362,good,,15:14:30,15:17:30,LGR1,,,
05/01/24,05/01/2024,E1,678,0.601,0.722,0.615,,15:22:30,15:25:00,15:22:30,15:25,14:32:00,14:32,45413_678,good,,15:22:30,15:25:00,LGR1,,,
05/01/24,05/01/2024,E1,677,0.486,0.449,0.468,,15:25:30,15:28:30,15:25:30,15:28:30,14:35:00,14:35,45413_677,good,,15:25:30,15:28:30,LGR1,,,
05/01/24,05/01/2024,F1,933,,0.618,,,15:34:00,15:36:00,15:34,15:36,14:43:30,14:43,45413_933,good,,15:34:00,15:36:00,LGR1,,,
05/01/24,05/01/2024,F1,236,0.489,0.497,0.417,,15:38:30,15:41:30,15:38:30,15:41:30,14:48:00,14:48,45413_236,good,,15:38:30,15:41:30,LGR1,,,
05/01/24,05/01/2024,G1,165,0.451,0.516,0.42,,15:44:00,15:46:00,15:44,15:46,14:53:30,14:53,45413_165,good,,15:44:00,15:46:00,LGR1,,,
05/01/24,05/01/2024,G1,175,0.498,0.502,0.534,,15:47:00,15:49:00,15:47,15:49,14:56:30,14:56,45413_175,good,,15:47:00,15:49:00,LGR1,,,
05/01/24,05/01/2024,G1,176,0.305,0.503,0.476,,15:51:15,15:53:30,15:51:15,15:53:30,15:00:45,15:00,45413_176,good,,15:51:15,15:53:30,LGR1,,,
05/01/24,05/01/2024,H1,318,0.278,0.238,0.233,,15:56:45,15:58:30,15:56:45,15:58:30,15:06:15,15:06,45413_318,good,,15:56:45,15:58:30,LGR1,,,
05/01/24,05/01/2024,H1,302,0.249,0.38,0.26,,16:08:00,16:10:00,16:08,16:10,15:17:30,15:17,45413_302,good,,16:08:00,16:10:00,LGR1,,,
05/01/24,05/01/2024,E5,895,0.437,0.413,0.488,,16:26:15,16:30:00,16:26:15,16:30,15:35:45,15:35,45413_895,good,,16:26:15,16:30:00,LGR1,,,
05/01/24,05/01/2024,E5,892,0.328,0.506,0.571,,16:30:35,16:32:35,16:30,16:32,15:39:30,15:39,45413_892,good,move forward 35 secs,16:30:35,16:32:35,LGR1,,,
05/01/24,05/01/2024,E5,889,0.278,0.346,0.34,,00:00:00,00:00:00,,,00:00:00,,45413_889,bad,,,,LGR1,leaky,,
05/01/24,05/01/2024,E5,893,0.516,0.454,0.534,,16:34:30,16:37:00,16:34:30,16:37,15:44:00,15:44,45413_893,good,,16:34:30,16:37:00,LGR1,,,
05/01/24,05/01/2024,E5,880,0.447,0.381,0.35,,00:00:00,00:00:00,,,00:00:00,,45413_880,bad,,,,LGR1,leaky,,
05/01/24,05/01/2024,E5,905,0.323,0.454,0.282,,16:39:00,16:41:30,16:39,16:41:30,15:48:30,15:48,45413_905,good,,16:39:00,16:41:30,LGR1,,,
05/01/24,05/01/2024,E5,876,0.333,0.218,0.455,,16:43:30,16:46:30,16:43:30,16:46:30,15:53:00,15:53,45413_876,good,,16:43:30,16:46:30,LGR1,,,
08/05/24,08/05/2024,BGS,411,0.407,0.411,0.433,26.1,10:59:00,11:02:00,10:59:00,11:02,10:04:00,10:04,45509_411,good,,10:59:00,11:02:00,LGR1,,,
08/05/24,08/05/2024,BGS,412,0.52,0.69,0.64,26.2,11:06:00,11:09:00,11:06,11:09,10:07:00,10:07,45509_412,good,,11:06:00,11:09:00,LGR1,,,
08/05/24,08/05/2024,BGS,413,0.642,0.326,0.27,26.6,11:12:00,11:15:00,11:12,11:15:00,10:13:00,10:13,45509_413,good,,11:12:00,11:15:00,LGR1,leaky,,
08/05/24,08/05/2024,BGS,432,0.511,0.461,0.425,25.9,11:17:00,11:20:00,11:17,11:20:00,10:18:00,10:18,45509_432,good,,11:17:00,11:20:00,LGR1,,,
08/05/24,08/05/2024,BGS,433,0.585,0.412,0.446,27.6,11:22:30,11:25:30,11:22,11:25,10:23:00,10:23,45509_433,good,moved forward 30,11:22:30,11:25:30,LGR1,leaky,,
08/05/24,08/05/2024,BGS,414,0.496,0.47,0.611,26.8,11:28:30,11:31:30,11:28:30,11:31:30,10:29:30,10:29,45509_414,good,,11:28:30,11:31:30,LGR1,,,
08/05/24,08/05/2024,BGS,434,0.455,0.436,0.482,28.7,11:34:30,11:37:30,11:34:30,11:37:30,10:35:30,10:35,45509_434,good,,11:34:30,11:37:30,LGR1,,,
08/05/24,08/05/2024,BGS,418,0.551,0.456,0.469,26.6,11:42:00,11:45:00,11:42,11:45:00,10:43:00,10:43,45509_418,good,,11:42:00,11:45:00,LGR1,,,
08/05/24,08/05/2024,BGS,417,0.398,0.475,0.426,28.2,11:46:45,11:49:45,11:46:45,11:49:45,10:47:45,10:47,45509_417,good,,11:46:45,11:49:45,LGR1,,,
08/05/24,08/05/2024,BGS,435,,,,,11:52:00,11:55:00,11:52,11:55,10:53:00,10:53,45509_435,good,,11:52:00,11:55:00,LGR1,tree and soil collar in water,,
08/05/24,08/05/2024,BGS,436,0.284,0.336,0.431,27.6,11:56:00,11:59:00,11:56,11:59,10:57:00,10:57,45509_436,good,,11:56:00,11:59:00,LGR1,,,
08/05/24,08/05/2024,BGS,438,0.276,0.444,0.444,29.4,12:01:35,12:04:30,12:01:30,12:04:30,11:02:30,11:02,45509_438,good,removed first 5 secs,12:01:35,12:04:30,LGR1,soil collar flooded,,
08/05/24,08/05/2024,BGS,419,0.25,0.291,0.234,28.2,12:08:00,12:11:00,12:08,12:11,11:09:00,11:09,45509_419,good,,12:08:00,12:11:00,LGR1,,,
08/05/24,08/05/2024,BGS,420,0.436,0.405,0.344,28.4,12:13:00,12:16:00,12:13,12:16,11:14:00,11:14,45509_420,good,,12:13:00,12:16:00,LGR1,,,
08/05/24,08/05/2024,BGS,421,0.505,0.467,0.607,28.2,12:17:45,12:20:45,12:17:45,12:20:45,11:18:45,11:18,45509_421,good,,12:17:45,12:20:45,LGR1,,,
08/05/24,08/05/2024,BGS,441,0.63,0.721,0.682,28,12:24:30,12:27:30,12:24:30,12:27,11:25:30,11:25,45509_441,good,,12:24:30,12:27:30,LGR1,,,
08/05/24,08/05/2024,BGS,439,0.406,0.277,0.222,27.1,12:29:00,12:32:00,12:29:00,12:32,11:30:00,11:30,45509_439,good,,12:29:00,12:32:00,LGR1,,,
08/05/24,08/05/2024,BGS,422,0.469,0.57,0.71,27,12:34:15,12:37:15,12:34,12:37:15,11:35:15,11:35,45509_422,good,,12:34:15,12:37:15,LGR1,,,
08/05/24,08/05/2024,BGS,423,0.646,0.637,0.657,27.7,12:39:15,12:41:15,12:39:15,12:41,11:40:15,11:40,45509_423,good,,12:39:15,12:41:15,LGR1,,,
08/05/24,08/05/2024,BGS,425,0.285,0.353,0.323,28.3,12:43:00,12:46:00,12:43,12:46:00,11:44:00,11:44,45509_425,good,,12:43:00,12:46:00,LGR1,,,
08/05/24,08/05/2024,BGS,424,0.401,0.598,0.725,28.1,12:47:30,12:50:30,12:47,12:50,11:48:30,11:48,45509_424,good,,12:47:30,12:50:30,LGR1,,,
08/05/24,08/05/2024,BGS,426,0.283,0.411,0.294,28.2,12:52:45,12:55:45,12:52:45,12:55,11:53:45,11:53,45509_426,good,,12:52:45,12:55:45,LGR1,,,
08/05/24,08/05/2024,BGS,442,0.783,0.627,0.802,28.2,12:57:30,01:00:30,12:57:30,1:00:30,11:58:30,11:58,45509_442,good,,12:57:30,1:00:30,LGR1,,,
08/05/24,08/05/2024,BGS,427,0.496,0.518,0.36,26.8,13:02:00,13:05:00,13:02,13:05,12:03:00,12:03,45509_427,good,,13:02:00,13:05:00,LGR1,,,
08/05/24,08/05/2024,BGS,428,0.467,0.521,0.375,26.8,13:06:15,13:09:15,13:06:15,13:09,12:07:15,12:07,45509_428,good,,13:06:15,13:09:15,LGR1,,,
08/05/24,08/05/2024,BGS,429,0.267,0.463,0.638,26.8,13:12:15,13:15:15,13:12,13:15:15,12:13:15,12:13,45509_429,good,,13:12:15,13:15:15,LGR1,,,
08/05/24,08/05/2024,BGS,431,,,,,13:35:40,13:38:40,13:35:40,13:38,12:36:40,12:36,45509_431,good,,13:35:40,13:38:40,LGR1,tree in water,,
08/05/24,08/05/2024,BGS,444,,,,,13:40:10,13:43:10,13:40:10,13:43,12:41:10,12:41,45509_444,good,,13:40:10,13:43:10,LGR1,tree in water,,
08/05/24,08/05/2024,BGS,443,0.34,0.271,0.338,30.9,13:43:55,13:46:55,13:43:55,13:46,12:44:55,12:44,45509_443,good,,13:43:55,13:46:55,LGR1,,,
08/05/24,08/05/2024,E5,895,0.48,0.4,0.44,29.7,14:48:15,14:51:15,14:48:15,14:51:15,13:49:15,13:49,45509_895,good,,14:48:15,14:51:15,LGR1,,,
08/05/24,08/05/2024,E5,892,0.364,0.431,0.378,29.9,14:52:30,14:55:30,14:52:30,14:55:30,13:53:30,13:53,45509_892,good,,14:52:30,14:55:30,LGR1,,,
08/05/24,08/05/2024,E5,889,0.389,0.281,0.446,29.1,14:57:20,15:00:20,14:57:20,15:00,13:58:20,13:58,45509_889,good,,14:57:20,15:00:20,LGR1,,,
08/05/24,08/05/2024,E5,880,0.393,0.388,0.362,28.5,15:01:30,15:04:30,15:01:30,15:04:30,14:02:30,14:02,45509_880,good,,15:01:30,15:04:30,LGR1,,,
08/05/24,08/05/2024,E5,903,0.368,0.344,0.467,27.7,15:05:40,15:08:40,15:05:40,15:08:40,14:06:40,14:06,45509_903,good,,15:05:40,15:08:40,LGR1,,,
08/05/24,08/05/2024,E5,905,0.449,0.343,0.514,27.2,15:09:30,15:12:30,15:09:30,15:12,14:10:30,14:10,45509_905,good,,15:09:30,15:12:30,LGR1,,,
08/05/24,08/05/2024,E5,893,0.418,0.381,0.531,26.8,15:16:00,15:18:30,15:12:30,15:23,14:13:30,14:13,45509_893,check,took middle,15:16:00,15:18:30,LGR1,,,
08/05/24,08/05/2024,E5,876,0.384,0.284,0.365,27.4,15:16:00,15:19:00,15:16:00,15:19:00,14:17:00,14:17,45509_876,good,,15:16:00,15:19:00,LGR1,,,
08/08/24,08/08/2024,E1,678,0.675,0.726,0.728,20.4,11:05:30,11:08:30,11:05,11:08:30,10:14:00,10:14,45512_678,good,,11:05:30,11:08:30,LGR1,,,
08/08/24,08/08/2024,E1,677,0.539,0.525,0.434,19.7,11:09:30,11:12:30,11:09:30,11:12:30,10:18:00,10:18,45512_677,good,,11:09:30,11:12:30,LGR1,,,
08/08/24,08/08/2024,C1,217,0.374,0.463,0.436,19,11:16:00,11:19:00,11:16,11:19,10:24:30,10:24,45512_217,good,,11:16:00,11:19:00,LGR1,leaky,,
08/08/24,08/08/2024,C1,366,0.425,0.36,0.514,19.1,11:24:05,11:26:05,11:23:20,11:25:20,10:31:50,10:31,45512_366,bad,moved forward 45,11:24:05,11:26:05,LGR1,leaky,,
08/08/24,08/08/2024,C1,362,0.388,0.483,0.497,19.1,11:29:15,11:31:15,11:29:15,11:31:15,10:37:45,10:37,45512_362,good,,11:29:15,11:31:15,LGR1,leaky,,
08/08/24,08/08/2024,C1,351,0.433,0.495,0.412,20.3,11:35:50,11:38:50,11:35:50,11:38:50,10:44:20,10:44,45512_351,good,,11:35:50,11:38:50,LGR1,,,
08/08/24,08/08/2024,D1,529,0.519,0.271,0.521,23.3,11:43:30,11:49:12,11:43:30,11:49:12,10:52:00,10:52,45512_529,good,,11:43:30,11:49:12,LGR1,leaky?,,
08/08/24,08/08/2024,D1,544,0.592,0.422,0.491,21.2,11:51:17,11:54:17,11:51:17,11:54:17,10:59:47,10:59,45512_544,good,,11:51:17,11:54:17,LGR1,,,
08/08/24,08/08/2024,D2,503,0.388,0.274,0.268,21.3,12:00:30,12:03:30,12:00:30,12:03:30,11:09:00,11:09,45512_503,good,,12:00:30,12:03:30,LGR1,,,
08/08/24,08/08/2024,D2,288,0.34,0.537,0.247,20.4,12:05:20,12:07:20,12:05:20,12:08:20,11:13:50,11:13,45512_288,good,ask jon,12:05:20,12:07:20,LGR1,leaky,,
08/08/24,08/08/2024,C2,386,0.381,0.389,0.428,19.3,12:13:08,12:16:08,12:13:08,12:16:08,11:21:38,11:21,45512_386,bad,,12:13:08,12:16:08,LGR1,leaky,,
08/08/24,08/08/2024,F1,933,0.291,0.45,0.477,20.1,12:23:25,12:26:25,12:23:25,12:26:25,11:31:55,11:31,45512_933,good,,12:23:25,12:26:25,LGR1,,,
08/08/24,08/08/2024,F1,236,0.341,0.496,0.412,21,12:31:50,12:35:50,12:31:50,12:35:50,11:40:20,11:40,45512_236,good,,12:31:50,12:35:50,LGR1,,,
08/08/24,08/08/2024,G2,165,0.525,0.515,0.328,21.8,12:40:10,12:43:10,12:40:10,12:43:10,11:48:40,11:48,45512_165,good,,12:40:10,12:43:10,LGR1,,,
08/08/24,08/08/2024,G1,175,0.437,0.555,0.502,20.3,12:47:30,12:50:30,12:47:30,12:50:30,11:56:00,11:56,45512_175,good,,12:47:30,12:50:30,LGR1,,,
08/08/24,08/08/2024,G1,153,0.32,0.442,0.452,20.1,12:51:45,12:54:45,12:51:45,12:54,12:00:15,12:00,45512_153,good,,12:51:45,12:54:45,LGR1,,,
08/08/24,08/08/2024,G1,176,0.374,0.443,0.452,20.1,13:02:45,13:05:45,13:02,13:05,12:11:15,12:11,45512_176,good,,13:02:45,13:05:45,LGR1,,,
08/08/24,08/08/2024,H1,318,0.226,0.216,0.238,19.1,13:11:40,13:14:40,13:11:40,13:14,12:20:10,12:20,45512_318,good,,13:11:40,13:14:40,LGR1,,,
08/08/24,08/08/2024,H1,302,0.357,0.337,0.327,19.1,13:16:10,13:19:10,13:16:10,13:19,12:24:40,12:24,45512_302,good,,13:16:10,13:19:10,LGR1,,,
08/08/24,08/08/2024,C1,356,,,,,00:00:00,00:00:00,,,00:00:00,,45512_356,good,,,,LGR1,leaky,,
08/08/24,08/08/2024,H1,309,,,,,00:00:00,00:00:00,,,00:00:00,,45512_309,good,,,,LGR1,tree in water,,
08/12/24,8/12/2024,BGS,411,,,,,12:33:40,12:36:40,12:33:40,12:36:40,11:41:40,11:41:40,45516_411,good,,12:33:40,12:36:40,LGR1,,,
08/12/24,8/12/2024,BGS,412,,,,,12:37:50,12:40:50,12:37:50,12:40:50,11:45:40,11:45:40,45516_412,good,,12:37:50,12:40:50,LGR1,,,
08/12/24,8/12/2024,BGS,413,,,,,12:41:30,12:44:30,12:41:30,12:44:30,11:50:40,11:50:40,45516_413,good,,12:41:30,12:44:30,LGR1,,,
08/12/24,8/12/2024,BGS,432,,,,,12:47:42,12:49:42,12:47:42,12:50:42,11:56:52,11:56:52,45516_432,good,removed last 60,12:47:42,12:49:42,LGR1,,,
08/12/24,8/12/2024,BGS,433,,,,,12:50:46,12:53:46,12:50:46,12:53:46,11:59:56,11:59:56,45516_433,good,ask jon,12:50:46,12:53:46,LGR1,,,
08/12/24,8/12/2024,BGS,452,,,,,12:55:50,12:58:50,12:55:50,12:58:50,12:05:00,12:05:00,45516_452,good,,12:55:50,12:58:50,LGR1,,,
08/12/24,8/12/2024,BGS,414,,,,,13:01:35,13:04:35,13:01:35,13:04:35,12:10:45,12:10:45,45516_414,good,,13:01:35,13:04:35,LGR1,,,
08/12/24,8/12/2024,BGS,436,,,,,13:06:55,13:09:55,13:06:55,13:09:55,12:16:05,12:16:05,45516_436,good,,13:06:55,13:09:55,LGR1,,,
08/12/24,8/12/2024,BGS,435,,,,,13:11:15,13:14:15,13:11:15,13:14:15,12:20:25,12:20:25,45516_435,good,,13:11:15,13:14:15,LGR1,,,
08/12/24,8/12/2024,BGS,438,,,,,13:17:45,13:20:45,13:17:45,13:20:45,12:26:55,12:26:55,45516_438,good,,13:17:45,13:20:45,LGR1,,,
08/12/24,8/12/2024,BGS,417,,,,,13:25:00,13:28:00,13:25:00,13:28:00,12:34:10,12:34:10,45516_417,good,,13:25:00,13:28:00,LGR1,,,
08/12/24,8/12/2024,BGS,418,,,,,13:29:00,13:32:00,13:29:00,13:32:00,12:38:10,12:38:10,45516_418,good,,13:29:00,13:32:00,LGR1,,,
08/12/24,8/12/2024,BGS,419,,,,,13:44:00,13:47:00,13:44:00,13:47:00,12:53:10,12:53:10,45516_419,good,,13:44:00,13:47:00,LGR1,,,
08/12/24,8/12/2024,BGS,420,,,,,13:48:40,13:51:40,13:48:40,13:51:40,12:57:50,12:57:50,45516_420,good,,13:48:40,13:51:40,LGR1,,,
08/12/24,8/12/2024,BGS,421,,,,,13:52:30,13:55:30,13:52:30,13:55:30,13:01:40,13:01:40,45516_421,good,,13:52:30,13:55:30,LGR1,,,
08/12/24,8/12/2024,BGS,439,,,,,13:58:30,14:01:30,13:58:30,14:01:30,13:07:40,13:07:40,45516_439,good,,13:58:30,14:01:30,LGR1,,,
08/12/24,8/12/2024,BGS,441,,,,,14:04:30,14:07:30,14:04:30,14:07:30,13:13:40,13:13:40,45516_441,good,,14:04:30,14:07:30,LGR1,,,
08/12/24,8/12/2024,BGS,422,,,,,14:10:30,14:13:30,14:10:30,14:13:30,13:19:40,13:19:40,45516_422,good,,14:10:30,14:13:30,LGR1,,,
08/12/24,8/12/2024,BGS,423,,,,,14:15:20,14:18:20,14:15:20,14:18:20,13:24:30,13:24:30,45516_423,good,,14:15:20,14:18:20,LGR1,,,
08/12/24,8/12/2024,BGS,425,,,,,14:19:30,14:22:30,14:19:30,14:22:30,13:28:40,13:28:40,45516_425,good,,14:19:30,14:22:30,LGR1,,,
08/12/24,8/12/2024,BGS,424,,,,,14:23:20,14:26:20,14:23:20,14:26:20,13:32:30,13:32:30,45516_424,good,,14:23:20,14:26:20,LGR1,,,
08/12/24,8/12/2024,BGS,426,,,,,14:27:40,14:30:40,14:27:40,14:30:40,13:36:50,13:36:50,45516_426,good,,14:27:40,14:30:40,LGR1,,,
08/12/24,8/12/2024,BGS,442,,,,,14:32:15,14:35:15,14:32:15,14:35:15,13:41:25,13:41:25,45516_442,good,,14:32:15,14:35:15,LGR1,,,
08/12/24,8/12/2024,BGS,427,,,,,14:36:30,14:39:30,14:36:30,14:39:30,13:45:40,13:45:40,45516_427,good,,14:36:30,14:39:30,LGR1,,,
08/12/24,8/12/2024,BGS,428,,,,,14:40:45,14:43:45,14:40:45,14:43:45,13:49:55,13:49:55,45516_428,good,,14:40:45,14:43:45,LGR1,,,
08/12/24,8/12/2024,BGS,429,,,,,14:45:30,14:48:30,14:45:30,14:48:30,13:54:40,13:54:40,45516_429,good,,14:45:30,14:48:30,LGR1,,,
08/12/24,8/12/2024,BGS,431,,,,,14:50:15,14:53:15,14:50:15,14:53:15,13:59:25,13:59:25,45516_431,good,,14:50:15,14:53:15,LGR1,,,
08/12/24,8/12/2024,BGS,443,,,,,14:54:30,14:57:30,14:54:30,14:57:30,14:03:40,14:03:40,45516_443,good,,14:54:30,14:57:30,LGR1,,,
08/12/24,8/12/2024,BGS,444,,,,,14:59:15,15:02:15,14:59:15,15:02:15,14:08:25,14:08:25,45516_444,good,,14:59:15,15:02:15,LGR1,,,
08/12/24,8/12/2024,E5,895,,,,,15:45:30,15:48:30,15:45:30,15:48:30,14:54:40,14:54:40,45516_895,good,,15:45:30,15:48:30,LGR1,,,
08/12/24,8/12/2024,E5,892,,,,,15:49:15,15:52:15,15:49:15,15:52:15,14:58:25,14:58:25,45516_892,good,,15:49:15,15:52:15,LGR1,,,
08/12/24,8/12/2024,E5,880,,,,,15:55:45,15:58:45,15:55:45,15:58:45,15:04:55,15:04:55,45516_880,good,,15:55:45,15:58:45,LGR1,,,
08/12/24,8/12/2024,E5,893,,,,,15:59:15,16:01:15,15:59:15,16:01:15,15:08:25,15:08:25,45516_893,good,,15:59:15,16:01:15,LGR1,,,
08/12/24,8/12/2024,E5,903,,,,,16:06:00,16:08:00,16:06,16:08,15:15:10,15:15:10,45516_903,good,,16:06:00,16:08:00,LGR1,,,
08/12/24,8/12/2024,E5,876,,,,,16:08:50,16:10:50,16:08:50,16:10:50,15:18:00,15:18:00,45516_876,good,,16:08:50,16:10:50,LGR1,,,
08/12/24,8/12/2024,BGS,434,,,,,00:00:00,00:00:00,,,00:00:00,,45516_434,,,,,LGR1,leaky,,
08/12/24,8/12/2024,E5,889,,,,,00:00:00,00:00:00,,,00:00:00,,45516_889,,,,,LGR1,leaky,,
08/12/24,8/12/2024,E5,905,,,,,00:00:00,00:00:00,,,00:00:00,,45516_905,,,,,LGR1,leaky,,
08/13/24,8/13/2024,,583,0.219,0.339,0.308,19.7,11:00:50,11:03:50,11:00:50,11:03:50,10:08:05,10:08,45517_583,good,,11:00:50,11:03:50,LGR1,,,
08/13/24,8/13/2024,,351,0.256,0.295,0.411,18.9,11:47:20,11:50:20,11:47,11:50:20,10:54:35,10:54,45517_351,good,,11:47:20,11:50:20,LGR1,,,
08/13/24,8/13/2024,,678,0.534,0.43,0.395,20.2,11:56:45,11:59:45,11:56:45,11:59:45,11:04:00,11:04,45517_678,good,,11:56:45,11:59:45,LGR1,,,
08/13/24,8/13/2024,,677,0.534,0.43,0.395,20.2,12:01:10,12:04:10,12:01:10,12:04:10,11:09:00,11:09,45517_677,good,,12:01:10,12:04:10,LGR1,,,
08/13/24,8/13/2024,,302,0.203,0.267,0.292,19.9,12:07:20,12:10:20,12:07:20,12:10:20,11:15:00,11:15,45517_302,good,,12:07:20,12:10:20,LGR1,,,
08/13/24,8/13/2024,,318,0.248,0.157,0.25,21.7,12:12:10,12:15:10,12:12:10,12:15:10,11:19:50,11:19,45517_318,good,,12:12:10,12:15:10,LGR1,,,
08/13/24,8/13/2024,,933,0.207,0.53,0.461,20.4,12:22:20,12:25:20,12:22:20,12:25:20,11:30:00,11:30,45517_933,good,,12:22:20,12:25:20,LGR1,,,
08/13/24,8/13/2024,,236,0.499,0.412,0.418,20.6,12:29:00,12:31:15,12:29:00,12:32:00,11:36:40,11:36,45517_236,good,remove last 45,12:29:00,12:31:15,LGR1,,,
08/13/24,8/13/2024,,165,0.487,0.478,0.471,21,12:32:45,12:35:45,12:32:45,12:35:45,11:40:25,11:40,45517_165,good,,12:32:45,12:35:45,LGR1,,,
08/13/24,8/13/2024,,175,0.479,0.553,0.506,22.2,00:00:00,00:00:00,,,00:00:00,,45517_175,bad,,,,LGR1,,,
08/13/24,8/13/2024,,176,0.254,0.472,0.462,23.5,00:00:00,00:00:00,,,00:00:00,,45517_176,bad,,,,LGR1,,,
08/13/24,8/13/2024,,153,0.478,0.471,0.491,23.4,00:00:00,00:00:00,,,00:00:00,,45517_153,bad,,,,LGR1,,,
03/20/24,3/20/24,BGS,2,0.401,0.451,0.816,14.6,14:40:06,14:44:06,14:40:06,14:44:06,13:52:11,13:52:11,45371_2,good,,14:40:06,14:44:06,,,,
03/20/24,3/20/24,BGS,1,0.797,0.604,0.555,15.7,14:55:30,14:59:16,14:55:30,14:59:16,14:07:35,3/20/24 14:07:35,45371_1,good,,14:55:30,14:59:16,,,,
03/20/24,3/20/24,BGS,3,0.418,0.654,0.763,13.9,15:03:30,15:06:36,15:03:30,15:06:36,14:15:35,3/20/24 14:15:35,45371_3,good,,15:03:30,15:06:36,,,,
03/20/24,3/20/24,BGS,5,0.508,0.802,0.901,10.8,15:10:36,15:13:39,15:10:36,15:13:39,14:22:41,3/20/24 14:22:41,45371_5,good,,15:10:36,15:13:39,,,,
03/20/24,3/20/24,BGS,6,0.879,0.946,0.537,11.1,15:15:32,15:18:35,15:15:32,15:18:35,14:27:37,3/20/24 14:27:37,45371_6,good,,15:15:32,15:18:35,,,,
03/20/24,3/20/24,BGS,?BG,0.528,0.686,0.59,12.4,15:21:16,15:24:19,15:21:16,15:24:19,14:33:21,3/20/24 14:33:21,45371_?BG,good,,15:21:16,15:24:19,,,,
03/20/24,3/20/24,BGS,30,0.947,0.418,0.895,12.4,15:25:43,15:27:43,15:25:43,15:27:43,14:37:48,3/20/24 14:37:48,45371_30,good,,15:25:43,15:27:43,,,,
03/20/24,3/20/24,BGS,31,0.416,0.424,0.78,9.5,15:31:10,15:34:12,15:31:10,15:34:12,14:43:15,3/20/24 14:43:15,45371_31,good,,15:31:10,15:34:12,,,,
03/20/24,3/20/24,BGS,7,0.825,0.576,0.583,10.7,15:40:01,15:43:12,15:40:01,15:41:12,14:52:06,3/20/24 14:52:06,45371_7,good,,15:40:01,15:43:12,,,,
03/20/24,3/20/24,BGS,8,0.873,0.472,0.463,11.4,15:45:14,15:47:17,15:45:14,15:47:17,14:57:19,3/20/24 14:57:19,45371_8,good,,15:45:14,15:47:17,,,,
03/20/24,3/20/24,BGS,9,0.504,0.462,0.818,11.1,15:47:50,15:50:03,15:47:50,15:50:03,14:59:55,3/20/24 14:59:55,45371_9,good,,15:47:50,15:50:03,,,,
03/20/24,3/20/24,BGS,28,0.589,0.505,0.416,11.6,15:51:48,15:54:38,15:51:48,15:54:38,15:03:53,3/20/24 15:03:53,45371_28,good,,15:51:48,15:54:38,,,,
03/20/24,3/20/24,BGS,27,0.533,0.903,0.784,11.9,15:55:50,15:57:51,15:55:50,15:57:51,15:07:55,3/20/24 15:07:55,45371_27,good,,15:55:50,15:57:51,,,,
03/20/24,3/20/24,BGS,26,0.531,0.748,0.495,12.1,15:58:37,16:00:38,15:58:37,16:00:38,15:10:42,3/20/24 15:10:42,45371_26,good,,15:58:37,16:00:38,,,,
03/20/24,3/20/24,BGS,?,0.568,0.673,0.958,12.2,16:03:37,16:05:49,16:03:37,16:05:49,15:15:42,3/20/24 15:15:42,45371_?,good,,16:03:37,16:05:49,,,,
03/20/24,3/20/24,BGS,24,0.433,0.308,0.769,11.8,16:07:38,16:09:44,16:07:38,16:09:44,15:19:43,3/20/24 15:19:43,45371_24,bad,ask jon,16:07:38,16:09:44,,,,
03/20/24,3/20/24,BGS,23,0.679,0.826,0.576,10.9,16:11:23,16:13:24,16:11:23,16:13:24,15:23:28,3/20/24 15:23:28,45371_23,good,,16:11:23,16:13:24,,,,
03/20/24,3/20/24,BGS,10,0.915,0.876,0.855,10.1,16:15:22,16:17:42,16:15:22,16:17:42,15:27:27,3/20/24 15:27:27,45371_10,bad,,16:15:22,16:17:42,,,,
03/20/24,3/20/24,BGS,11,0.601,0.506,0.824,9,16:18:28,16:20:57,16:18:28,16:20:57,15:30:33,3/20/24 15:30:33,45371_11,good,,16:18:28,16:20:57,,,,
03/20/24,3/20/24,BGS,21,0.808,0.577,0.875,9.9,16:21:45,16:23:56,16:21:45,16:23:56,15:33:50,3/20/24 15:33:50,45371_21,good,,16:21:45,16:23:56,,,,
03/20/24,3/20/24,BGS,12,0.861,0.564,0.504,10.2,16:25:07,16:27:08,16:25:07,16:27:08,15:37:12,3/20/24 15:37:12,45371_12,good,,16:25:07,16:27:08,,,,
03/20/24,3/20/24,BGS,13,0.608,0.751,0.92,9.7,16:29:00,16:31:02,16:29:00,16:31:02,15:41:05,3/20/24 15:41:05,45371_13,good,,16:29:00,16:31:02,,,,
03/20/24,3/20/24,BGS,14,0.433,0.882,0.488,8.4,16:34:26,16:36:27,16:34:26,16:36:27,15:46:31,3/20/24 15:46:31,45371_14,good,,16:34:26,16:36:27,,,,
03/20/24,3/20/24,BGS,15,0.86,0.839,0.854,8,16:38:19,16:40:21,16:38:19,16:40:21,15:50:24,3/20/24 15:50:24,45371_15,good,,16:38:19,16:40:21,,,,
03/20/24,3/20/24,BGS,19,0.856,0.87,0.859,9.2,16:42:44,16:44:45,16:42:44,16:44:45,15:54:49,3/20/24 15:54:49,45371_19,good,,16:42:44,16:44:45,,,,
03/20/24,3/20/24,BGS,20,0.664,0.452,0.788,7.4,16:46:13,16:48:22,16:46:13,16:48:22,15:58:18,3/20/24 15:58:18,45371_20,good,,16:46:13,16:48:22,,,,
03/20/24,3/20/24,BGS,18,0.903,0.77,0.566,8.1,16:49:44,16:51:45,16:49:44,16:51:45,16:01:49,3/20/24 16:01:49,45371_18,good,,16:49:44,16:51:45,,,,
03/20/24,3/20/24,BGS,16,0.744,0.514,0.671,7.9,16:53:12,16:55:25,16:53:12,16:55:25,16:05:17,3/20/24 16:05:17,45371_16,good,,16:53:12,16:55:25,,,,
09/04/24,09/04/2024,C1,351,0.229,0.29,0.259,18.7,10:49:00,10:52:00,10:49:00,10:52:00,09:53:00,9:53,45539_351,good,,10:49:00,10:52:00,,,,
09/04/24,09/04/2024,C1,366,,,,,00:00:00,00:00:00,,,00:00:00,,45539_366,bad,,,,,LEAKY,,
09/04/24,09/04/2024,C1,362,,,,,00:00:00,00:00:00,,,00:00:00,,45539_362,bad,,,,,LEAKY,,
09/04/24,09/04/2024,C1,356,0.307,0.509,0.236,19.5,11:04:45,11:07:45,11:04:45,11:07:45,10:09:00,10:09,45539_356,good,,11:04:45,11:07:45,,,,
09/04/24,09/04/2024,C1,217,0.292,0.222,0.185,19.5,11:11:18,11:14:18,11:11:18,11:14:18,10:15:00,10:15,45539_217,good,,11:11:18,11:14:18,,,,
09/04/24,09/04/2024,E1,678,0.519,0.236,0.568,19.7,11:18:10,11:21:10,11:18:10,11:21:10,10:22:00,10:22,45539_678,good,,11:18:10,11:21:10,,,,
09/04/24,09/04/2024,E1,677,0.262,0.223,0.247,20.1,11:23:19,11:26:19,11:23:19,11:26:19,10:27:09,10:27,45539_677,good,,11:23:19,11:26:19,,,,
09/04/24,09/04/2024,H1,302,0.1,0.148,0.216,20.2,11:28:45,11:31:45,11:28:45,11:31:45,10:32:35,10:32,45539_302,good,,11:28:45,11:31:45,,,,
09/04/24,09/04/2024,H1,309,0.202,0.237,0.18,20.9,11:34:45,11:37:45,11:34:45,11:37:45,10:38:35,10:38,45539_309,good,,11:34:45,11:37:45,,,,
09/04/24,09/04/2024,H1,318,,,,,00:00:00,00:00:00,,,00:00:00,,45539_318,good,,,,,LEAKY,,
09/04/24,09/04/2024,F1,933,0.234,0.103,0.048,21.2,11:44:10,11:47:10,11:44:10,11:47:10,10:48:00,10:48,45539_933,good,,11:44:10,11:47:10,,,,
09/04/24,09/04/2024,F1,236,0.209,0.157,0.246,21.9,11:54:00,11:57:00,11:54:00,11:57:00,10:57:50,10:57,45539_236,good,,11:54:00,11:57:00,,,,
09/04/24,09/04/2024,G1,175,0.207,0.231,0.382,21.7,11:59:25,12:02:25,11:59:25,12:02:25,11:03:15,11:03,45539_175,good,,11:59:25,12:02:25,,,,
09/04/24,09/04/2024,G1,153,,,,,00:00:00,00:00:00,,,00:00:00,,45539_153,good,,,,,LEAKY,,
09/04/24,09/04/2024,G1,176,0.242,0.261,0.249,23,12:05:50,12:08:50,12:05:50,12:08:50,11:09:40,11:09,45539_176,good,,12:05:50,12:08:50,,,,
09/04/24,09/04/2024,G1,165,0.239,0.431,0.4,22.7,12:11:00,12:14:00,12:11:00,12:14:00,11:14:50,11:14,45539_165,good,,12:11:00,12:14:00,,,,
09/04/24,09/04/2024,D1,529,,,,,00:00:00,00:00:00,,,00:00:00,,45539_529,good,,,,,LEAKY,,
09/04/24,09/04/2024,D1,544,0.273,0.476,0.436,22,13:58:30,14:01:30,13:58:30,14:01:30,13:02:20,13:02,45539_544,good,,13:58:30,14:01:30,,,,
09/04/24,09/04/2024,D2,288,0.221,0.529,0.263,22.6,14:06:30,14:09:20,14:06:30,14:09:20,13:11:00,13:11,45539_288,good,,14:06:30,14:09:20,,seems leaky,,
09/04/24,09/04/2024,D2,583,0.102,0.219,0.048,22.7,14:13:55,14:16:55,14:13:55,14:16:55,13:18:25,13:18,45539_583,good,,14:13:55,14:16:55,,,,
09/04/24,09/04/2024,C2,386,0.17,0.263,0.131,23.4,14:20:30,14:23:30,14:20:30,14:23:30,13:25:00,13:25,45539_386,good,,14:20:30,14:23:30,,a bit leaky,,
09/04/24,09/04/2024,C2,380,0.219,0.216,0.248,23.3,14:24:45,14:27:45,14:25:15,14:28:15,13:29:45,13:29,45539_380,good,moved back 30 sec,14:24:45,14:27:45,,,,
09/04/24,09/04/2024,E5,895,0.298,0.253,0.265,24.2,15:43:40,15:46:30,15:43:40,15:46:30,14:48:10,14:48,45539_895,good,,15:43:40,15:46:30,,LEAKY,,
09/04/24,09/04/2024,E5,892,0.073,0.266,0.203,24.7,15:50:45,15:53:45,15:50:45,15:53:45,14:55:15,14:55,45539_892,good,,15:50:45,15:53:45,,,,
09/04/24,09/04/2024,E5,889,0.158,0.239,0.222,25.1,15:55:20,15:58:20,15:55:20,15:58:20,14:59:50,14:59,45539_889,good,,15:55:20,15:58:20,,seems leaky,,
09/04/24,09/04/2024,E5,880,0.215,0.399,0.309,24.3,15:59:50,16:02:50,15:59:50,16:02:50,15:04:20,15:04,45539_880,good,,15:59:50,16:02:50,,,,
09/04/24,09/04/2024,E5,893,0.406,0.243,0.265,24.1,16:06:00,16:09:00,16:06:00,16:09:00,15:10:30,15:10,45539_893,good,,16:06:00,16:09:00,,seems leaky but wasn't?,,
09/04/24,09/04/2024,E5,905,0.184,0.215,0.243,23.1,16:10:50,16:13:50,16:10:50,16:13:50,15:15:20,15:15,45539_905,good,,16:10:50,16:13:50,,,,
09/04/24,09/04/2024,E5,903,0.211,0.223,0.396,22.8,16:17:00,16:20:00,16:17:00,16:20:00,15:21:30,15:21,45539_903,good,,16:17:00,16:20:00,,,,
09/04/24,09/04/2024,E5,876,0.21,0.307,0.35,23.4,16:21:20,16:24:20,16:21:20,16:24:20,15:25:50,15:25,45539_876,good,,16:21:20,16:24:20,,,,
09/05/24,09/05/2024,BGS,411,0.114,0.101,0.062,20.7,10:44:20,10:47:20,10:44:20,10:47:20,09:48:00,9:48,45540_411,good,,10:44:20,10:47:20,,small leak,,
09/05/24,09/05/2024,BGS,412,0.545,0.404,0.52,22.3,10:50:00,10:53:00,10:50:00,10:53:00,09:53:40,9:53,45540_412,good,,10:50:00,10:53:00,,,,
09/05/24,09/05/2024,BGS,413,0.12,0.654,0.319,21.4,10:54:10,10:57:10,10:54:10,10:57:10,09:57:50,9:57,45540_413,good,,10:54:10,10:57:10,,,,
09/05/24,09/05/2024,BGS,432,0.156,0.568,0.547,21.5,11:15:10,11:18:10,11:15:10,11:18:10,10:18:50,10:18,45540_432,good,,11:15:10,11:18:10,,,,
09/05/24,09/05/2024,BGS,433,0.207,0.567,0.068,21,11:23:30,11:26:30,11:23:30,11:26:30,10:27:10,10:27,45540_433,good,,11:23:30,11:26:30,,,,
09/05/24,09/05/2024,BGS,452,0.579,0.538,0.585,21.3,11:29:20,11:32:20,11:29:20,11:32:20,10:33:00,10:33,45540_452,good,,11:29:20,11:32:20,,,,
09/05/24,09/05/2024,BGS,414,0.44,0.552,0.51,21.4,11:34:00,11:37:00,11:34:00,11:37:00,10:37:40,10:37,45540_414,good,,11:34:00,11:37:00,,,,
09/05/24,09/05/2024,BGS,434,0.457,0.556,0.375,22.2,11:39:00,11:42:00,11:39:00,11:42:00,10:42:40,10:42,45540_434,good,,11:39:00,11:42:00,,,,
09/05/24,09/05/2024,BGS,418,0.294,0.167,0.088,22.2,11:43:00,11:46:00,11:43:00,11:46:00,10:46:40,10:46,45540_418,good,,11:43:00,11:46:00,,,,
09/05/24,09/05/2024,BGS,417,0.143,0.183,0.258,22.4,11:48:20,11:51:20,11:48:20,11:51:20,10:52:00,10:52,45540_417,good,,11:48:20,11:51:20,,a bit leaky,,
09/05/24,09/05/2024,BGS,435,0.667,0.646,0.714,22.1,11:53:20,11:56:20,11:53:20,11:56:20,10:57:00,10:57,45540_435,good,,11:53:20,11:56:20,,,,
09/05/24,09/05/2024,BGS,436,0.422,0.18,0.549,20.9,11:58:35,12:01:35,11:58:35,12:01:35,11:02:15,11:02,45540_436,good,,11:58:35,12:01:35,,,,
09/05/24,09/05/2024,BGS,438,0.157,0.193,0.339,21.8,12:03:05,12:06:05,12:03:05,12:06:05,11:06:45,11:06,45540_438,good,,12:03:05,12:06:05,,,,
09/05/24,09/05/2024,BGS,419,0.162,0.357,0.357,22.7,12:08:35,12:11:35,12:08:35,12:11:35,11:12:15,11:12,45540_419,good,,12:08:35,12:11:35,,,,
09/05/24,09/05/2024,BGS,420,0.223,0.281,0.222,22.6,12:12:40,12:15:40,12:12:40,12:15:40,11:16:20,11:16,45540_420,good,,12:12:40,12:15:40,,,,
09/05/24,09/05/2024,BGS,421,0.406,0.134,0.523,22.7,12:17:15,12:20:15,12:17:15,12:20:15,11:20:55,11:20,45540_421,good,,12:17:15,12:20:15,,,,
09/05/24,09/05/2024,BGS,439,0.22,0.405,0.449,22.5,12:24:20,12:27:20,12:24:20,12:27:20,11:28:00,11:28,45540_439,good,,12:24:20,12:27:20,,,,
09/05/24,09/05/2024,BGS,441,0.57,0.439,0.746,22.3,00:00:00,00:00:00,,,00:00:00,,45540_441,good,,,,,LEAKY,,
09/05/24,09/05/2024,BGS,422,0.32,0.522,0.575,22.3,12:36:10,12:39:10,12:36:10,12:39:10,11:40:00,11:40,45540_422,good,,12:36:10,12:39:10,,,,
09/05/24,09/05/2024,BGS,423,0.845,0.617,0.777,22.3,12:41:10,12:44:10,12:41:10,12:44:10,11:45:00,11:45,45540_423,good,,12:41:10,12:44:10,,,,
09/05/24,09/05/2024,BGS,425,0.259,0.212,0.164,23,12:45:25,12:48:25,12:45:25,12:48:25,11:49:15,11:49,45540_425,good,,12:45:25,12:48:25,,,,
09/05/24,09/05/2024,BGS,424,0.611,0.506,0.396,23.5,12:49:00,12:52:00,12:49:00,12:52:00,11:52:50,11:52,45540_424,good,,12:49:00,12:52:00,,,,
09/05/24,09/05/2024,BGS,426,0.237,0.189,0.235,24.3,12:53:45,12:56:15,12:53:15,12:56:15,11:57:05,11:57,45540_426,good,removed first 30 secs,12:53:45,12:56:15,,,,
09/05/24,09/05/2024,BGS,427,0.56,0.203,0.502,23.9,12:57:30,13:00:30,12:57:30,13:00:30,12:01:20,12:01,45540_427,good,,12:57:30,13:00:30,,,,
09/05/24,09/05/2024,BGS,428,0.629,0.252,0.683,23.7,13:01:30,13:04:30,13:01:30,13:04:30,12:05:20,12:05,45540_428,good,,13:01:30,13:04:30,,,,
09/05/24,09/05/2024,BGS,429,0.246,0.42,0.751,24.3,13:57:25,14:00:25,13:57:25,14:00:25,13:01:15,13:01,45540_429,good,,13:57:25,14:00:25,,,,
09/05/24,09/05/2024,BGS,431,0.65,0.727,0.741,24.3,14:01:50,14:04:50,14:01:50,14:04:50,13:05:40,13:05,45540_431,good,,14:01:50,14:04:50,,,,
09/05/24,09/05/2024,BGS,443,0.514,0.483,0.644,24.3,14:05:50,14:08:50,14:05:50,14:08:50,13:09:40,13:09,45540_443,good,,14:05:50,14:08:50,,,,
09/05/24,09/05/2024,BGS,444,0.768,0.64,0.753,23.7,14:10:00,14:13:00,14:10:00,14:13:00,13:13:50,13:13,45540_444,good,,14:10:00,14:13:00,,,,
09/05/24,09/05/2024,BGS,442,,,,,,,,,00:00:00,,45540_442,good,,,,,missed?,,
09/26/23,9/26/2023,BGS,2,,,,,15:17:37,15:20:58,14:38:47,14:42:08,14:38:47,14:38:47,45195_2,good,moved back 30,15:17:37,15:20:58,,0:39:20,,
09/26/23,9/26/2023,BGS,1,,,,,15:22:46,15:25:57,14:43:16,14:46:27,14:43:16,14:43:16,45195_1,good,moved forward 10,15:22:46,15:25:57,,0:39:20,,
09/26/23,9/26/2023,BGS,3,,,,,15:27:34,15:31:06,14:48:14,14:51:46,14:48:14,14:48:14,45195_3,good,,15:27:34,15:31:06,,0:39:20,,
09/26/23,9/26/2023,BGS,5,,,,,15:33:40,15:36:28,14:54:50,14:57:08,14:54:50,14:54:50,45195_5,good,moved start back 30 secs,15:33:40,15:36:28,,0:39:20,,
09/26/23,9/26/2023,BGS,6,,,,,15:37:48,15:39:57,14:58:28,15:00:37,14:58:28,14:58:28,45195_6,good,,15:37:48,15:39:57,,0:39:20,,
09/26/23,9/26/2023,BGS,BG#?,,,,,15:41:50,15:43:52,15:02:30,15:04:32,15:02:30,15:02:30,45195_BG#?,good,,15:41:50,15:43:52,,0:39:20,,
09/26/23,9/26/2023,BGS,29,,,,,15:46:29,15:48:44,15:06:49,15:09:04,15:06:49,15:06:49,45195_29,good,moved forward 20,15:46:29,15:48:44,,0:39:20,,
09/26/23,9/26/2023,BGS,30,,,,,15:49:36,15:51:47,15:10:16,15:12:27,15:10:16,15:10:16,45195_30,good,,15:49:36,15:51:47,,0:39:20,,
09/26/23,9/26/2023,BGS,31,,,,,15:53:13,15:55:11,15:13:53,15:15:51,15:13:53,15:13:53,45195_31,good,,15:53:13,15:55:11,,0:39:20,,
09/26/23,9/26/2023,BGS,8,,,,,15:57:19,15:59:24,15:17:59,15:20:04,15:17:59,15:17:59,45195_8,good,,15:57:19,15:59:24,,0:39:20,,
09/26/23,9/26/2023,BGS,9,,,,,16:00:07,16:02:07,15:20:47,15:22:47,15:20:47,15:20:47,45195_9,good,,16:00:07,16:02:07,,0:39:20,,
09/26/23,9/26/2023,BGS,7,,,,,16:03:20,16:05:33,15:24:00,15:26:13,15:24:00,15:24:00,45195_7,good,,16:03:20,16:05:33,,0:39:20,,
09/26/23,9/26/2023,BGS,28,,,,,16:06:55,16:08:55,15:27:35,15:29:35,15:27:35,15:27:35,45195_28,good,,16:06:55,16:08:55,,0:39:20,,
09/26/23,9/26/2023,BGS,27,,,,,16:09:35,16:11:36,15:30:15,15:32:16,15:30:15,15:30:15,45195_27,good,,16:09:35,16:11:36,,0:39:20,,
09/26/23,9/26/2023,BGS,26,,,,,16:12:49,16:14:49,15:33:29,15:35:29,15:33:29,15:33:29,45195_26,bad,,16:12:49,16:14:49,,0:39:20,,
09/26/23,9/26/2023,BGS,BG#?2,,,,,16:16:30,16:18:41,15:37:10,15:39:21,15:37:10,15:37:10,45195_BG#?2,good,,16:16:30,16:18:41,,0:39:20,,
09/26/23,9/26/2023,BGS,24,,,,,16:20:18,16:22:43,15:40:58,15:43:23,15:40:58,15:40:58,45195_24,good,,16:20:18,16:22:43,,0:39:20,,
09/26/23,9/26/2023,BGS,23,,,,,16:25:49,16:28:05,15:46:29,15:48:45,15:46:29,15:46:29,45195_23,good,,16:25:49,16:28:05,,0:39:20,,
09/26/23,9/26/2023,BGS,10,,,,,16:29:17,16:31:17,15:49:57,15:51:57,15:49:57,15:49:57,45195_10,good,,16:29:17,16:31:17,,0:39:20,,
09/26/23,9/26/2023,BGS,11,,,,,16:32:34,16:34:34,15:53:14,15:55:14,15:53:14,15:53:14,45195_11,good,,16:32:34,16:34:34,,0:39:20,,
09/26/23,9/26/2023,BGS,21,,,,,16:35:13,16:37:20,15:55:53,15:58:00,15:55:53,15:55:53,45195_21,good,,16:35:13,16:37:20,,0:39:20,,
09/26/23,9/26/2023,BGS,12,,,,,16:38:21,16:40:25,15:59:01,16:01:05,15:59:01,15:59:01,45195_12,good,,16:38:21,16:40:25,,0:39:20,,
09/26/23,9/26/2023,BGS,13,,,,,16:42:08,16:44:08,16:02:48,16:04:48,16:02:48,16:02:48,45195_13,good,,16:42:08,16:44:08,,0:39:20,,
09/26/23,9/26/2023,BGS,14,,,,,16:45:23,16:47:24,16:06:03,16:08:04,16:06:03,16:06:03,45195_14,good,,16:45:23,16:47:24,,0:39:20,,
09/26/23,9/26/2023,BGS,15,,,,,16:48:42,16:50:31,16:09:22,16:11:11,16:09:22,16:09:22,45195_15,good,,16:48:42,16:50:31,,0:39:20,,
09/26/23,9/26/2023,BGS,19,,,,,16:52:01,16:54:07,16:12:21,16:14:27,16:12:21,16:12:21,45195_19,good,moved forward 20 secs,16:52:01,16:54:07,,0:39:20,,
09/26/23,9/26/2023,BGS,20,,,,,16:54:48,16:56:48,16:15:28,16:17:28,16:15:28,16:15:28,45195_20,good,,16:54:48,16:56:48,,0:39:20,,
09/26/23,9/26/2023,BGS,18,,,,,16:58:38,17:01:24,16:19:18,16:22:04,16:19:18,16:19:18,45195_18,bad,,16:58:38,17:01:24,,0:39:20,,
09/26/23,9/26/2023,BGS,15,,,,,17:07:49,17:10:17,16:28:14,16:30:42,16:28:14,16:28:14,45195_15,good,moved forward 15,17:07:49,17:10:17,,0:39:20,,
09/26/23,9/26/2023,BGS,13,,,,,17:12:10,17:14:13,16:32:35,16:34:38,16:32:35,16:32:35,45195_13,good,moved forward 15,17:12:10,17:14:13,,0:39:20,,
02/27/24,2/27/24,BGS,16,,,,,14:39:40,14:42:40,14:38:10,14:41:10,13:51:50,13:51,45349_16,good,moved forward 90 secs,14:39:40,14:42:40,,,,
02/27/24,2/27/24,BGS,18,,,,,14:44:45,14:46:30,14:44:45,14:46:30,13:58:25,13:58,45349_18,bad,,14:44:45,14:46:30,,,,
02/27/24,2/27/24,BGS,20,,,,,14:49:00,14:52:00,14:49:00,14:52:00,14:02:40,14:02,45349_20,good,,14:49:00,14:52:00,,,,
02/27/24,2/27/24,BGS,19,,,,,,,,,,,45349_19,bad,,,,,,,